"/Users/gong/Documents/github/MTG/ICASSP2016/exampleAudios/07/student.mp3",0.011609977,-365.742
,0.017414966,-365.742
,0.023219955,-365.742
,0.029024943,-365.742
,0.034829932,-365.742
,0.040634921,-365.742
,0.046439909,-365.742
,0.052244898,-365.742
,0.058049887,-365.742
,0.063854875,-365.742
,0.069659864,-365.742
,0.075464853,-365.742
,0.081269841,-365.742
,0.087074830,-365.742
,0.092879819,-365.742
,0.098684807,-365.742
,0.104489796,-365.742
,0.110294785,-365.742
,0.116099773,-365.742
,0.121904762,-365.742
,0.127709751,-365.742
,0.133514739,-365.742
,0.139319728,-365.742
,0.145124717,-365.742
,0.150929705,-365.742
,0.156734694,-365.742
,0.162539683,-365.742
,0.168344671,-365.742
,0.174149660,-365.742
,0.179954649,-365.742
,0.185759637,-365.742
,0.191564626,-365.742
,0.197369615,-365.742
,0.203174603,-365.742
,0.208979592,-365.742
,0.214784580,-365.742
,0.220589569,-365.742
,0.226394558,-365.742
,0.232199546,-365.742
,0.238004535,-365.742
,0.243809524,-365.742
,0.249614512,-365.742
,0.255419501,-365.742
,0.261224490,-365.742
,0.267029478,-365.742
,0.272834467,-365.742
,0.278639456,-365.742
,0.284444444,-365.742
,0.290249433,-365.742
,0.296054422,-365.742
,0.301859410,-365.742
,0.307664399,-365.742
,0.313469388,366.425
,0.319274376,365.073
,0.325079365,362.806
,0.330884354,361.57
,0.336689342,359.574
,0.342494331,357.407
,0.348299320,355.012
,0.354104308,352.161
,0.359909297,352.437
,0.365714286,352.694
,0.371519274,352.665
,0.377324263,352.676
,0.383129252,352.341
,0.388934240,351.903
,0.394739229,351.588
,0.400544218,351.488
,0.406349206,351.51
,0.412154195,351.43
,0.417959184,351.204
,0.423764172,350.889
,0.429569161,350.342
,0.435374150,349.743
,0.441179138,349.148
,0.446984127,348.525
,0.452789116,347.883
,0.458594104,347.077
,0.464399093,346.082
,0.470204082,344.987
,0.476009070,343.905
,0.481814059,343.138
,0.487619048,342.958
,0.493424036,343.414
,0.499229025,344.164
,0.505034014,345.005
,0.510839002,345.675
,0.516643991,346.117
,0.522448980,346.546
,0.528253968,346.69
,0.534058957,346.493
,0.539863946,346.298
,0.545668934,345.955
,0.551473923,345.935
,0.557278912,346.194
,0.563083900,346.337
,0.568888889,346.405
,0.574693878,346.17
,0.580498866,345.759
,0.586303855,345.267
,0.592108844,344.913
,0.597913832,344.633
,0.603718821,344.436
,0.609523810,344.44
,0.615328798,344.534
,0.621133787,344.764
,0.626938776,345.223
,0.632743764,345.955
,0.638548753,346.852
,0.644353741,347.885
,0.650158730,348.927
,0.655963719,349.681
,0.661768707,350.038
,0.667573696,350.107
,0.673378685,350.148
,0.679183673,350.155
,0.684988662,350.521
,0.690793651,351.181
,0.696598639,352.025
,0.702403628,353.087
,0.708208617,354.098
,0.714013605,355.04
,0.719818594,356.226
,0.725623583,357.65
,0.731428571,359.332
,0.737233560,360.853
,0.743038549,361.824
,0.748843537,362.356
,0.754648526,363.026
,0.760453515,363.805
,0.766258503,365.032
,0.772063492,367.274
,0.777868481,370.273
,0.783673469,372.379
,0.789478458,372.817
,0.795283447,374.33
,0.801088435,375.298
,0.806893424,375.214
,0.812698413,375.101
,0.818503401,374.764
,0.824308390,373.951
,0.830113379,373.226
,0.835918367,372.364
,0.841723356,371.332
,0.847528345,370.82
,0.853333333,370.564
,0.859138322,370.374
,0.864943311,370.26
,0.870748299,369.893
,0.876553288,369.312
,0.882358277,368.238
,0.888163265,365.876
,0.893968254,363.507
,0.899773243,361.195
,0.905578231,359.029
,0.911383220,357.261
,0.917188209,354.766
,0.922993197,351.338
,0.928798186,348.737
,0.934603175,346.658
,0.940408163,345.46
,0.946213152,342.023
,0.952018141,338.312
,0.957823129,338.994
,0.963628118,338.786
,0.969433107,339.451
,0.975238095,340.13
,0.981043084,339.897
,0.986848073,340.457
,0.992653061,340.799
,0.998458050,342.822
,1.004263039,344.398
,1.010068027,345.964
,1.015873016,348.512
,1.021678005,351.876
,1.027482993,361.559
,1.033287982,370.444
,1.039092971,378.861
,1.044897959,384.142
,1.050702948,383.035
,1.056507937,377.596
,1.062312925,365.885
,1.068117914,-361.541
,1.073922902,-357.389
,1.079727891,-353.284
,1.085532880,-349.226
,1.091337868,-345.215
,1.097142857,-341.25
,1.102947846,-337.33
,1.108752834,-329.625
,1.114557823,-322.097
,1.120362812,-318.397
,1.126167800,-314.74
,1.131972789,-311.125
,1.137777778,-307.551
,1.143582766,-304.019
,1.149387755,-300.527
,1.155192744,-293.663
,1.160997732,-290.29
,1.166802721,-283.66
,1.172607710,277.667
,1.178412698,274.118
,1.184217687,275.691
,1.190022676,276.872
,1.195827664,276.915
,1.201632653,279.665
,1.207437642,279.996
,1.213242630,280.889
,1.219047619,281.617
,1.224852608,282.363
,1.230657596,283.931
,1.236462585,284.897
,1.242267574,286.411
,1.248072562,286.982
,1.253877551,289.182
,1.259682540,291.971
,1.265487528,294.184
,1.271292517,295.825
,1.277097506,296.716
,1.282902494,297.625
,1.288707483,300.641
,1.294512472,304.704
,1.300317460,308.709
,1.306122449,310.707
,1.311927438,311.762
,1.317732426,314.439
,1.323537415,315.113
,1.329342404,316.648
,1.335147392,317.822
,1.340952381,318.493
,1.346757370,319.805
,1.352562358,321.262
,1.358367347,322.631
,1.364172336,323.622
,1.369977324,323.944
,1.375782313,323.871
,1.381587302,323.778
,1.387392290,324.25
,1.393197279,324.457
,1.399002268,324.268
,1.404807256,324.876
,1.410612245,324.976
,1.416417234,325.751
,1.422222222,327.013
,1.428027211,327.886
,1.433832200,329.283
,1.439637188,330.303
,1.445442177,330.927
,1.451247166,331.713
,1.457052154,332.351
,1.462857143,333.08
,1.468662132,334.347
,1.474467120,335.585
,1.480272109,336.259
,1.486077098,335.697
,1.491882086,333.882
,1.497687075,332.097
,1.503492063,329.998
,1.509297052,327.783
,1.515102041,325.085
,1.520907029,321.897
,1.526712018,318.795
,1.532517007,316.318
,1.538321995,315.039
,1.544126984,312.911
,1.549931973,312.253
,1.555736961,311.988
,1.561541950,315.091
,1.567346939,318.493
,1.573151927,320.897
,1.578956916,317.557
,1.584761905,311.843
,1.590566893,306.328
,1.596371882,305.91
,1.602176871,302.049
,1.607981859,301.826
,1.613786848,303.86
,1.619591837,304.2
,1.625396825,306.158
,1.631201814,305.068
,1.637006803,304.86
,1.642811791,305.705
,1.648616780,305.94
,1.654421769,307.853
,1.660226757,309.312
,1.666031746,309.854
,1.671836735,310.745
,1.677641723,311.964
,1.683446712,313.5
,1.689251701,314.815
,1.695056689,315.718
,1.700861678,316.324
,1.706666667,317.181
,1.712471655,318.469
,1.718276644,319.92
,1.724081633,321.751
,1.729886621,322.992
,1.735691610,324.334
,1.741496599,325.663
,1.747301587,326.077
,1.753106576,326.977
,1.758911565,328.162
,1.764716553,328.941
,1.770521542,329.472
,1.776326531,331.291
,1.782131519,332.056
,1.787936508,332.555
,1.793741497,334.357
,1.799546485,335.409
,1.805351474,337.081
,1.811156463,337.965
,1.816961451,337.679
,1.822766440,337.402
,1.828571429,337.402
,1.834376417,338.098
,1.840181406,338.935
,1.845986395,339.769
,1.851791383,340.031
,1.857596372,340.201
,1.863401361,340.437
,1.869206349,341.013
,1.875011338,341.993
,1.880816327,342.79
,1.886621315,343.326
,1.892426304,343.853
,1.898231293,344.24
,1.904036281,345.07
,1.909841270,346.209
,1.915646259,346.941
,1.921451247,347.346
,1.927256236,347.591
,1.933061224,347.947
,1.938866213,348.403
,1.944671202,348.507
,1.950476190,347.958
,1.956281179,347.225
,1.962086168,346.221
,1.967891156,345.655
,1.973696145,345.38
,1.979501134,345.351
,1.985306122,345.458
,1.991111111,345.249
,1.996916100,344.928
,2.002721088,344.323
,2.008526077,343.29
,2.014331066,342.05
,2.020136054,340.739
,2.025941043,339.877
,2.031746032,338.846
,2.037551020,337.284
,2.043356009,335.709
,2.049160998,333.324
,2.054965986,331.217
,2.060770975,328.487
,2.066575964,325.597
,2.072380952,321.528
,2.078185941,317.735
,2.083990930,317.332
,2.089795918,313.778
,2.095600907,308.946
,2.101405896,303.685
,2.107210884,299.264
,2.113015873,294.637
,2.118820862,298.26
,2.124625850,-293.663
,2.130430839,-290.29
,2.136235828,-286.956
,2.142040816,-283.66
,2.147845805,-280.401
,2.153650794,-277.181
,2.159455782,-273.997
,2.165260771,-270.85
,2.171065760,-267.739
,2.176870748,-264.664
,2.182675737,-261.624
,2.188480726,-258.619
,2.194285714,259.776
,2.200090703,261.102
,2.205895692,261.042
,2.211700680,259.95
,2.217505669,259.667
,2.223310658,258.976
,2.229115646,258.98
,2.234920635,259.957
,2.240725624,259.018
,2.246530612,260.364
,2.252335601,260.337
,2.258140590,260.283
,2.263945578,261.138
,2.269750567,261.594
,2.275555556,262.415
,2.281360544,263.099
,2.287165533,264.974
,2.292970522,266.352
,2.298775510,269.215
,2.304580499,272.467
,2.310385488,273.405
,2.316190476,273.917
,2.321995465,274.846
,2.327800454,276.093
,2.333605442,277.698
,2.339410431,278.019
,2.345215420,277.94
,2.351020408,278.714
,2.356825397,279.921
,2.362630385,282.056
,2.368435374,284.906
,2.374240363,285.357
,2.380045351,285.606
,2.385850340,285.936
,2.391655329,286.272
,2.397460317,286.868
,2.403265306,287.443
,2.409070295,288.207
,2.414875283,289.182
,2.420680272,289.449
,2.426485261,290.429
,2.432290249,291.368
,2.438095238,290.879
,2.443900227,291.355
,2.449705215,291.201
,2.455510204,290.812
,2.461315193,291.323
,2.467120181,291.327
,2.472925170,291.297
,2.478730159,291.706
,2.484535147,290.958
,2.490340136,290.201
,2.496145125,289.922
,2.501950113,288.778
,2.507755102,288.061
,2.513560091,287.22
,2.519365079,286.398
,2.525170068,285.676
,2.530975057,284.281
,2.536780045,282.381
,2.542585034,281.017
,2.548390023,281.117
,2.554195011,280.987
,2.560000000,280.676
,2.565804989,279.815
,2.571609977,277.578
,2.577414966,273.607
,2.583219955,271.224
,2.589024943,269.967
,2.594829932,269.342
,2.600634921,268.376
,2.606439909,266.557
,2.612244898,267.103
,2.618049887,267.39
,2.623854875,266.149
,2.629659864,265.926
,2.635464853,265.98
,2.641269841,264.76
,2.647074830,264.215
,2.652879819,264.808
,2.658684807,263.942
,2.664489796,263.284
,2.670294785,264.242
,2.676099773,264.851
,2.681904762,264.86
,2.687709751,265.565
,2.693514739,266.567
,2.699319728,267.12
,2.705124717,267.727
,2.710929705,268.638
,2.716734694,269.46
,2.722539683,270.573
,2.728344671,272.577
,2.734149660,273.973
,2.739954649,275.498
,2.745759637,275.97
,2.751564626,276.558
,2.757369615,277.444
,2.763174603,278.264
,2.768979592,279.553
,2.774784580,280.473
,2.780589569,281.452
,2.786394558,282.363
,2.792199546,282.711
,2.798004535,282.741
,2.803809524,282.897
,2.809614512,283.497
,2.815419501,284.087
,2.821224490,284.779
,2.827029478,285.246
,2.832834467,285.379
,2.838639456,285.719
,2.844444444,286.167
,2.850249433,286.62
,2.856054422,286.943
,2.861859410,286.811
,2.867664399,286.627
,2.873469388,286.254
,2.879274376,285.835
,2.885079365,285.515
,2.890884354,285.013
,2.896689342,284.146
,2.902494331,283.285
,2.908299320,282.353
,2.914104308,281.687
,2.919909297,281.348
,2.925714286,280.961
,2.931519274,280.546
,2.937324263,279.619
,2.943129252,278.306
,2.948934240,276.384
,2.954739229,273.599
,2.960544218,271.273
,2.966349206,269.795
,2.972154195,269.548
,2.977959184,268.934
,2.983764172,268.399
,2.989569161,265.943
,2.995374150,262.626
,3.001179138,260.547
,3.006984127,260.04
,3.012789116,257.451
,3.018594104,255.352
,3.024399093,254.796
,3.030204082,253.757
,3.036009070,253.236
,3.041814059,253.368
,3.047619048,253.534
,3.053424036,252.614
,3.059229025,253.884
,3.065034014,254.191
,3.070839002,256.005
,3.076643991,256.547
,3.082448980,257.48
,3.088253968,259.201
,3.094058957,260.246
,3.099863946,261.304
,3.105668934,262.188
,3.111473923,262.859
,3.117278912,263.56
,3.123083900,263.96
,3.128888889,264.384
,3.134693878,265.09
,3.140498866,266.498
,3.146303855,268.908
,3.152108844,271.714
,3.157913832,272.669
,3.163718821,273.235
,3.169523810,274.227
,3.175328798,275.636
,3.181133787,276.584
,3.186938776,276.914
,3.192743764,277.034
,3.198548753,278.039
,3.204353741,279.083
,3.210158730,280.466
,3.215963719,282.294
,3.221768707,283.58
,3.227573696,285.069
,3.233378685,285.7
,3.239183673,286.091
,3.244988662,286.722
,3.250793651,287.074
,3.256598639,287.716
,3.262403628,288.202
,3.268208617,288.581
,3.274013605,288.873
,3.279818594,288.98
,3.285623583,288.85
,3.291428571,288.394
,3.297233560,288.169
,3.303038549,287.838
,3.308843537,287.51
,3.314648526,287.476
,3.320453515,287.661
,3.326258503,288.066
,3.332063492,288.879
,3.337868481,290.387
,3.343673469,292.593
,3.349478458,295.197
,3.355283447,296.687
,3.361088435,298.059
,3.366893424,299.327
,3.372698413,299.134
,3.378503401,297.044
,3.384308390,298.928
,3.390113379,-300.527
,3.395918367,-300.527
,3.401723356,-300.527
,3.407528345,-300.527
,3.413333333,-300.527
,3.419138322,-300.527
,3.424943311,-300.527
,3.430748299,-300.527
,3.436553288,-300.527
,3.442358277,-300.527
,3.448163265,-300.527
,3.453968254,-304.019
,3.459773243,302.857
,3.465578231,301.661
,3.471383220,302.593
,3.477188209,303.842
,3.482993197,304.408
,3.488798186,304.034
,3.494603175,302.834
,3.500408163,302.209
,3.506213152,302.266
,3.512018141,302.504
,3.517823129,302.611
,3.523628118,302.335
,3.529433107,302.342
,3.535238095,302.545
,3.541043084,303.506
,3.546848073,304.621
,3.552653061,306
,3.558458050,307.105
,3.564263039,308.275
,3.570068027,309.312
,3.575873016,310.369
,3.581678005,311.791
,3.587482993,312.788
,3.593287982,313.675
,3.599092971,314.583
,3.604897959,315.713
,3.610702948,317.36
,3.616507937,319.086
,3.622312925,321.666
,3.628117914,325.073
,3.633922902,328.227
,3.639727891,332.535
,3.645532880,336.091
,3.651337868,339.557
,3.657142857,343.668
,3.662947846,347.311
,3.668752834,351.791
,3.674557823,355.619
,3.680362812,360.104
,3.686167800,363.229
,3.691972789,363.117
,3.697777778,363.094
,3.703582766,360.727
,3.709387755,358.503
,3.715192744,356.73
,3.720997732,353.996
,3.726802721,350.659
,3.732607710,347.054
,3.738412698,344.133
,3.744217687,342.81
,3.750022676,338.393
,3.755827664,328.504
,3.761632653,323.616
,3.767437642,323.006
,3.773242630,318.198
,3.779047619,319.46
,3.784852608,301.534
,3.790657596,300.226
,3.796462585,296.989
,3.802267574,296.203
,3.808072562,296.247
,3.813877551,295.475
,3.819682540,297.538
,3.825487528,300.106
,3.831292517,302.584
,3.837097506,305.828
,3.842902494,311.413
,3.848707483,319.701
,3.854512472,323.608
,3.860317460,329.529
,3.866122449,332.972
,3.871927438,335.877
,3.877732426,344.592
,3.883537415,348.058
,3.889342404,-341.25
,3.895147392,-337.33
,3.900952381,-333.455
,3.906757370,-329.625
,3.912562358,-325.839
,3.918367347,-322.097
,3.924172336,-318.397
,3.929977324,-314.74
,3.935782313,-307.551
,3.941587302,-300.527
,3.947392290,-297.075
,3.953197279,-293.663
,3.959002268,-290.29
,3.964807256,-283.66
,3.970612245,-280.401
,3.976417234,-273.997
,3.982222222,-270.85
,3.988027211,-267.739
,3.993832200,-264.664
,3.999637188,-261.624
,4.005442177,-258.619
,4.011247166,-252.712
,4.017052154,248.891
,4.022857143,248.566
,4.028662132,249.202
,4.034467120,248.867
,4.040272109,250.103
,4.046077098,250.835
,4.051882086,251.313
,4.057687075,251.341
,4.063492063,251.571
,4.069297052,251.589
,4.075102041,251.92
,4.080907029,252.427
,4.086712018,252.081
,4.092517007,252.395
,4.098321995,252.477
,4.104126984,252.798
,4.109931973,253.285
,4.115736961,254.329
,4.121541950,255.647
,4.127346939,257.322
,4.133151927,258.789
,4.138956916,260.092
,4.144761905,260.34
,4.150566893,260.825
,4.156371882,260.075
,4.162176871,257.841
,4.167981859,-258.619
,4.173786848,-261.624
,4.179591837,-264.664
,4.185396825,-264.664
,4.191201814,-264.664
,4.197006803,-267.739
,4.202811791,-270.85
,4.208616780,272.376
,4.214421769,277.736
,4.220226757,281.154
,4.226031746,283.883
,4.231836735,285.33
,4.237641723,285.446
,4.243446712,284.874
,4.249251701,284.852
,4.255056689,285.992
,4.260861678,286.521
,4.266666667,288.765
,4.272471655,292.08
,4.278276644,294.577
,4.284081633,295.165
,4.289886621,294.309
,4.295691610,292.267
,4.301496599,289.997
,4.307301587,288.019
,4.313106576,285.693
,4.318911565,287.753
,4.324716553,292.676
,4.330521542,296.461
,4.336326531,308.288
,4.342131519,318.14
,4.347936508,321.561
,4.353741497,325.332
,4.359546485,328.122
,4.365351474,331.322
,4.371156463,333.729
,4.376961451,336.032
,4.382766440,337.009
,4.388571429,336.755
,4.394376417,337.201
,4.400181406,336.991
,4.405986395,337.103
,4.411791383,336.734
,4.417596372,336.572
,4.423401361,336.056
,4.429206349,336.05
,4.435011338,336.149
,4.440816327,336.178
,4.446621315,335.968
,4.452426304,335.319
,4.458231293,334.451
,4.464036281,333.947
,4.469841270,333.61
,4.475646259,333.719
,4.481451247,334.116
,4.487256236,334.361
,4.493061224,334.804
,4.498866213,335.01
,4.504671202,335.52
,4.510476190,335.943
,4.516281179,336.515
,4.522086168,337.151
,4.527891156,337.824
,4.533696145,338.684
,4.539501134,339.445
,4.545306122,340.024
,4.551111111,340.277
,4.556916100,340.775
,4.562721088,341.196
,4.568526077,341.993
,4.574331066,342.965
,4.580136054,343.776
,4.585941043,344.571
,4.591746032,345.477
,4.597551020,346.815
,4.603356009,348.729
,4.609160998,350.86
,4.614965986,352.232
,4.620770975,353.002
,4.626575964,354.255
,4.632380952,355.917
,4.638185941,357.233
,4.643990930,358.225
,4.649795918,360.069
,4.655600907,361.242
,4.661405896,363.185
,4.667210884,363.845
,4.673015873,364.022
,4.678820862,364.989
,4.684625850,365.342
,4.690430839,366.928
,4.696235828,368.905
,4.702040816,369.353
,4.707845805,370.228
,4.713650794,371.108
,4.719455782,372.474
,4.725260771,373.427
,4.731065760,373.458
,4.736870748,373.99
,4.742675737,374.583
,4.748480726,375.49
,4.754285714,376.238
,4.760090703,376.995
,4.765895692,378.142
,4.771700680,379.333
,4.777505669,379.806
,4.783310658,380.368
,4.789115646,380.356
,4.794920635,379.683
,4.800725624,379.509
,4.806530612,378.354
,4.812335601,377.248
,4.818140590,376.259
,4.823945578,375.175
,4.829750567,374.091
,4.835555556,371.505
,4.841360544,367.376
,4.847165533,361.653
,4.852970522,355.837
,4.858775510,349.36
,4.864580499,346.041
,4.870385488,342.547
,4.876190476,341.331
,4.881995465,341.193
,4.887800454,337.932
,4.893605442,338.163
,4.899410431,338.341
,4.905215420,337.103
,4.911020408,336.541
,4.916825397,335.707
,4.922630385,334.536
,4.928435374,333.799
,4.934240363,334.251
,4.940045351,334.721
,4.945850340,335.027
,4.951655329,336.81
,4.957460317,338.206
,4.963265306,338.814
,4.969070295,339.86
,4.974875283,340.856
,4.980680272,341.659
,4.986485261,342.704
,4.992290249,344.242
,4.998095238,344.436
,5.003900227,345.05
,5.009705215,345.744
,5.015510204,346.348
,5.021315193,347.923
,5.027120181,349.775
,5.032925170,351.361
,5.038730159,352.176
,5.044535147,352.769
,5.050340136,354.276
,5.056145125,355.713
,5.061950113,357.225
,5.067755102,359.066
,5.073560091,360.218
,5.079365079,362.409
,5.085170068,363.366
,5.090975057,363.209
,5.096780045,363.758
,5.102585034,364.013
,5.108390023,364.798
,5.114195011,366.079
,5.120000000,366.286
,5.125804989,366.515
,5.131609977,367.589
,5.137414966,369.224
,5.143219955,371.185
,5.149024943,373.722
,5.154829932,374.749
,5.160634921,375.668
,5.166439909,375.713
,5.172244898,375.793
,5.178049887,375.616
,5.183854875,375.435
,5.189659864,375.098
,5.195464853,374.718
,5.201269841,374.444
,5.207074830,373.991
,5.212879819,373.319
,5.218684807,371.943
,5.224489796,369.906
,5.230294785,367.237
,5.236099773,364.586
,5.241904762,362.05
,5.247709751,359.162
,5.253514739,356.657
,5.259319728,353.517
,5.265124717,351.108
,5.270929705,350.501
,5.276734694,349.497
,5.282539683,348.373
,5.288344671,347.782
,5.294149660,345.539
,5.299954649,343.05
,5.305759637,342.909
,5.311564626,340.981
,5.317369615,339.524
,5.323174603,339.654
,5.328979592,338.668
,5.334784580,337.864
,5.340589569,337.032
,5.346394558,335.488
,5.352199546,335.586
,5.358004535,336.254
,5.363809524,337.848
,5.369614512,338.12
,5.375419501,339.009
,5.381224490,339.166
,5.387029478,339.271
,5.392834467,340.228
,5.398639456,340.301
,5.404444444,341.462
,5.410249433,341.751
,5.416054422,341.905
,5.421859410,342.6
,5.427664399,343.037
,5.433469388,343.631
,5.439274376,344.606
,5.445079365,345.542
,5.450884354,346.517
,5.456689342,347.314
,5.462494331,347.91
,5.468299320,348.204
,5.474104308,348.316
,5.479909297,349.004
,5.485714286,349.833
,5.491519274,351.152
,5.497324263,352.419
,5.503129252,353.677
,5.508934240,355.948
,5.514739229,357.098
,5.520544218,356.646
,5.526349206,358.697
,5.532154195,360.453
,5.537959184,358.818
,5.543764172,357.284
,5.549569161,356.872
,5.555374150,356.538
,5.561179138,354.989
,5.566984127,354.195
,5.572789116,352.433
,5.578594104,351.253
,5.584399093,350.951
,5.590204082,350.583
,5.596009070,349.976
,5.601814059,350.229
,5.607619048,351.021
,5.613424036,352.172
,5.619229025,354.44
,5.625034014,354.368
,5.630839002,354.21
,5.636643991,353.591
,5.642448980,355.983
,5.648253968,358.347
,5.654058957,361.07
,5.659863946,365.946
,5.665668934,371.276
,5.671473923,371.798
,5.677278912,376.521
,5.683083900,378.802
,5.688888889,379.741
,5.694693878,382.631
,5.700498866,382.039
,5.706303855,382.533
,5.712108844,381.983
,5.717913832,380.888
,5.723718821,383.125
,5.729523810,385.952
,5.735328798,389.929
,5.741133787,392.874
,5.746938776,395.039
,5.752743764,399.089
,5.758548753,402.024
,5.764353741,404.054
,5.770158730,405.123
,5.775963719,405.755
,5.781768707,406.479
,5.787573696,407.185
,5.793378685,407.274
,5.799183673,406.986
,5.804988662,405.451
,5.810793651,402.635
,5.816598639,399.59
,5.822403628,396.487
,5.828208617,391.858
,5.834013605,385.997
,5.839818594,383.433
,5.845623583,379.25
,5.851428571,368.442
,5.857233560,362.982
,5.863038549,355.417
,5.868843537,347.124
,5.874648526,338.579
,5.880453515,331.4
,5.886258503,326.515
,5.892063492,319.945
,5.897868481,310.478
,5.903673469,303.648
,5.909478458,291.857
,5.915283447,288.373
,5.921088435,285.165
,5.926893424,280.608
,5.932698413,273.263
,5.938503401,267.273
,5.944308390,265.878
,5.950113379,262.898
,5.955918367,261.908
,5.961723356,261.377
,5.967528345,262.325
,5.973333333,264.919
,5.979138322,266.613
,5.984943311,268.657
,5.990748299,271.054
,5.996553288,274.69
,6.002358277,281.993
,6.008163265,286.042
,6.013968254,287.813
,6.019773243,289.598
,6.025578231,291.866
,6.031383220,292.597
,6.037188209,292.833
,6.042993197,291.63
,6.048798186,288.64
,6.054603175,285.97
,6.060408163,282.333
,6.066213152,274.81
,6.072018141,269.762
,6.077823129,266.606
,6.083628118,262.535
,6.089433107,260.03
,6.095238095,254.513
,6.101043084,248.331
,6.106848073,253.165
,6.112653061,249.325
,6.118458050,241.844
,6.124263039,241.558
,6.130068027,238.67
,6.135873016,239.562
,6.141678005,240.924
,6.147482993,243.773
,6.153287982,245.93
,6.159092971,250.786
,6.164897959,257.378
,6.170702948,261.195
,6.176507937,267.953
,6.182312925,271.91
,6.188117914,276.999
,6.193922902,290.764
,6.199727891,305.325
,6.205532880,318.425
,6.211337868,322.763
,6.217142857,322.479
,6.222947846,326.108
,6.228752834,324.592
,6.234557823,322.198
,6.240362812,324.749
,6.246167800,318.513
,6.251972789,314.683
,6.257777778,309.87
,6.263582766,295.39
,6.269387755,286.832
,6.275192744,-283.66
,6.280997732,-280.401
,6.286802721,-277.181
,6.292607710,-273.997
,6.298412698,-270.85
,6.304217687,-267.739
,6.310022676,-264.664
,6.315827664,-261.624
,6.321632653,-258.619
,6.327437642,-255.648
,6.333242630,-252.712
,6.339047619,-249.809
,6.344852608,-246.94
,6.350657596,-244.104
,6.356462585,-241.3
,6.362267574,-238.528
,6.368072562,-235.789
,6.373877551,-233.08
,6.379682540,-230.403
,6.385487528,-227.757
,6.391292517,-225.141
,6.397097506,-222.555
,6.402902494,219.414
,6.408707483,221.803
,6.414512472,223.666
,6.420317460,225.095
,6.426122449,227.968
,6.431927438,229.329
,6.437732426,229.977
,6.443537415,230.032
,6.449342404,229.394
,6.455147392,228.76
,6.460952381,227.254
,6.466757370,226.057
,6.472562358,224.345
,6.478367347,222.535
,6.484172336,221.772
,6.489977324,220.48
,6.495782313,219.772
,6.501587302,219.524
,6.507392290,218.942
,6.513197279,220.989
,6.519002268,221.708
,6.524807256,222.083
,6.530612245,222.825
,6.536417234,223.082
,6.542222222,221.041
,6.548027211,220.215
,6.553832200,220.061
,6.559637188,220.063
,6.565442177,221.255
,6.571247166,221.32
,6.577052154,221.325
,6.582857143,222.54
,6.588662132,226.088
,6.594467120,229.895
,6.600272109,229.468
,6.606077098,228.658
,6.611882086,226.758
,6.617687075,224.806
,6.623492063,227.377
,6.629297052,234.16
,6.635102041,238.775
,6.640907029,238.983
,6.646712018,238.889
,6.652517007,238.882
,6.658321995,238.878
,6.664126984,238.693
,6.669931973,238.305
,6.675736961,237.444
,6.681541950,236.242
,6.687346939,235.099
,6.693151927,233.939
,6.698956916,233.165
,6.704761905,232.332
,6.710566893,231.631
,6.716371882,230.864
,6.722176871,230.1
,6.727981859,229.373
,6.733786848,228.535
,6.739591837,227.918
,6.745396825,227.611
,6.751201814,227.668
,6.757006803,227.935
,6.762811791,228.181
,6.768616780,228.287
,6.774421769,228.342
,6.780226757,228.403
,6.786031746,228.435
,6.791836735,228.425
,6.797641723,228.415
,6.803446712,228.393
,6.809251701,228.369
,6.815056689,228.413
,6.820861678,228.413
,6.826666667,228.387
,6.832471655,228.398
,6.838276644,228.34
,6.844081633,228.336
,6.849886621,228.331
,6.855691610,228.372
,6.861496599,228.442
,6.867301587,228.58
,6.873106576,228.781
,6.878911565,229.203
,6.884716553,229.758
,6.890521542,230.468
,6.896326531,231.45
,6.902131519,232.997
,6.907936508,236.186
,6.913741497,238.601
,6.919546485,239.203
,6.925351474,233.508
,6.931156463,230.414
,6.936961451,229.953
,6.942766440,230.001
,6.948571429,230.797
,6.954376417,232.7
,6.960181406,232.563
,6.965986395,231.447
,6.971791383,228.387
,6.977596372,226.412
,6.983401361,227.395
,6.989206349,229.019
,6.995011338,228.576
,7.000816327,229.928
,7.006621315,231.061
,7.012426304,231.059
,7.018231293,239.266
,7.024036281,248.093
,7.029841270,255.771
,7.035646259,255.679
,7.041451247,256.416
,7.047256236,256.413
,7.053061224,254.484
,7.058866213,253.862
,7.064671202,253.795
,7.070476190,252.938
,7.076281179,252.991
,7.082086168,252.531
,7.087891156,251.867
,7.093696145,251.591
,7.099501134,251.027
,7.105306122,250.938
,7.111111111,250.788
,7.116916100,251.113
,7.122721088,250.964
,7.128526077,250.668
,7.134331066,250.988
,7.140136054,250.942
,7.145941043,251.238
,7.151746032,251.365
,7.157551020,251.116
,7.163356009,251.165
,7.169160998,250.895
,7.174965986,250.932
,7.180770975,251.089
,7.186575964,250.663
,7.192380952,250.762
,7.198185941,250.336
,7.203990930,249.977
,7.209795918,249.561
,7.215600907,248.939
,7.221405896,248.093
,7.227210884,247.475
,7.233015873,246.666
,7.238820862,245.648
,7.244625850,244.56
,7.250430839,243.253
,7.256235828,241.897
,7.262040816,240.229
,7.267845805,239.096
,7.273650794,237.624
,7.279455782,236.31
,7.285260771,235.325
,7.291065760,233.789
,7.296870748,232.799
,7.302675737,231.683
,7.308480726,229.844
,7.314285714,227.431
,7.320090703,226.327
,7.325895692,226.203
,7.331700680,225.86
,7.337505669,226.453
,7.343310658,226.35
,7.349115646,225.948
,7.354920635,225.864
,7.360725624,225.684
,7.366530612,225.974
,7.372335601,226.181
,7.378140590,226.886
,7.383945578,227.016
,7.389750567,227.233
,7.395555556,227.776
,7.401360544,227.548
,7.407165533,228.008
,7.412970522,228.699
,7.418775510,229.204
,7.424580499,230.159
,7.430385488,231.142
,7.436190476,232.53
,7.441995465,235.56
,7.447800454,237.677
,7.453605442,239.649
,7.459410431,243.338
,7.465215420,245.301
,7.471020408,245.959
,7.476825397,245.879
,7.482630385,246.187
,7.488435374,249.752
,7.494240363,251.427
,7.500045351,251.82
,7.505850340,252.385
,7.511655329,253.004
,7.517460317,253.808
,7.523265306,254.74
,7.529070295,255.38
,7.534875283,254.359
,7.540680272,254.241
,7.546485261,253.632
,7.552290249,252.854
,7.558095238,252.918
,7.563900227,252.039
,7.569705215,250.949
,7.575510204,250.159
,7.581315193,248.66
,7.587120181,247.769
,7.592925170,246.87
,7.598730159,246.187
,7.604535147,245.139
,7.610340136,243.985
,7.616145125,242.495
,7.621950113,240.974
,7.627755102,239.867
,7.633560091,238.562
,7.639365079,236.36
,7.645170068,234.493
,7.650975057,234.686
,7.656780045,233.701
,7.662585034,232.398
,7.668390023,231.387
,7.674195011,228.522
,7.680000000,226.311
,7.685804989,226.43
,7.691609977,226.448
,7.697414966,227.161
,7.703219955,228.075
,7.709024943,229.147
,7.714829932,229.888
,7.720634921,231.375
,7.726439909,233.922
,7.732244898,237.529
,7.738049887,240.234
,7.743854875,240.786
,7.749659864,240.686
,7.755464853,241.921
,7.761269841,241.69
,7.767074830,241.023
,7.772879819,240.668
,7.778684807,246.158
,7.784489796,249.044
,7.790294785,249.141
,7.796099773,249.667
,7.801904762,250.085
,7.807709751,251.005
,7.813514739,252.339
,7.819319728,254.187
,7.825124717,255.448
,7.830929705,256.529
,7.836734694,257.286
,7.842539683,257.517
,7.848344671,257.891
,7.854149660,258.531
,7.859954649,259.27
,7.865759637,260.32
,7.871564626,261.138
,7.877369615,261.914
,7.883174603,262.898
,7.888979592,263.851
,7.894784580,264.674
,7.900589569,265.544
,7.906394558,266.881
,7.912199546,268.238
,7.918004535,269.96
,7.923809524,271.063
,7.929614512,271.274
,7.935419501,271.726
,7.941224490,272.055
,7.947029478,272.36
,7.952834467,273.055
,7.958639456,273.757
,7.964444444,274.876
,7.970249433,275.892
,7.976054422,276.872
,7.981859410,278.16
,7.987664399,279.493
,7.993469388,281.191
,7.999274376,283.123
,8.005079365,284.355
,8.010884354,284.816
,8.016689342,285.087
,8.022494331,285.325
,8.028299320,285.603
,8.034104308,285.793
,8.039909297,285.847
,8.045714286,285.457
,8.051519274,285.082
,8.057324263,284.566
,8.063129252,283.623
,8.068934240,282.713
,8.074739229,281.673
,8.080544218,280.733
,8.086349206,278.84
,8.092154195,275.714
,8.097959184,272.503
,8.103764172,268.29
,8.109569161,264.664
,8.115374150,261.637
,8.121179138,260.27
,8.126984127,257.474
,8.132789116,255.098
,8.138594104,253.963
,8.144399093,253.069
,8.150204082,252.283
,8.156009070,251.718
,8.161814059,251.42
,8.167619048,251.662
,8.173424036,251.603
,8.179229025,252.437
,8.185034014,252.649
,8.190839002,253.005
,8.196643991,253.513
,8.202448980,254.154
,8.208253968,254.799
,8.214058957,256.252
,8.219863946,257.451
,8.225668934,258.851
,8.231473923,260.017
,8.237278912,261.65
,8.243083900,263.995
,8.248888889,266.509
,8.254693878,268.141
,8.260498866,269.975
,8.266303855,272.702
,8.272108844,283.842
,8.277913832,286.795
,8.283718821,287.795
,8.289523810,-283.66
,8.295328798,-280.401
,8.301133787,-277.181
,8.306938776,-273.997
,8.312743764,-270.85
,8.318548753,-267.739
,8.324353741,-264.664
,8.330158730,-261.624
,8.335963719,-258.619
,8.341768707,-255.648
,8.347573696,-252.712
,8.353378685,-249.809
,8.359183673,-246.94
,8.364988662,-244.104
,8.370793651,-241.3
,8.376598639,-238.528
,8.382403628,-235.789
,8.388208617,-233.08
,8.394013605,-230.403
,8.399818594,-227.757
,8.405623583,-225.141
,8.411428571,-222.555
,8.417233560,-222.555
,8.423038549,-222.555
,8.428843537,-222.555
,8.434648526,-219.999
,8.440453515,-219.999
,8.446258503,-217.472
,8.452063492,-214.974
,8.457868481,-214.974
,8.463673469,-212.505
,8.469478458,-212.505
,8.475283447,208.972
,8.481088435,209.301
,8.486893424,209.692
,8.492698413,210.623
,8.498503401,212.21
,8.504308390,213.86
,8.510113379,216.856
,8.515918367,220.499
,8.521723356,223.219
,8.527528345,225.687
,8.533333333,227.23
,8.539138322,228.624
,8.544943311,230.104
,8.550748299,230.91
,8.556553288,230.887
,8.562358277,231.451
,8.568163265,230.625
,8.573968254,229.122
,8.579773243,227.644
,8.585578231,226.25
,8.591383220,224.986
,8.597188209,224.19
,8.602993197,222.723
,8.608798186,220.785
,8.614603175,218.455
,8.620408163,215.604
,8.626213152,212.601
,8.632018141,211.206
,8.637823129,210.168
,8.643628118,208.534
,8.649433107,207.133
,8.655238095,207.495
,8.661043084,206.609
,8.666848073,204.981
,8.672653061,205.388
,8.678458050,203.709
,8.684263039,209.05
,8.690068027,209.436
,8.695873016,207.552
,8.701678005,206.255
,8.707482993,202.307
,8.713287982,202.213
,8.719092971,203.77
,8.724897959,203.863
,8.730702948,204.998
,8.736507937,205.847
,8.742312925,205.587
,8.748117914,206.637
,8.753922902,207.806
,8.759727891,208.207
,8.765532880,208.953
,8.771337868,209.826
,8.777142857,210.561
,8.782947846,211.348
,8.788752834,211.986
,8.794557823,213.09
,8.800362812,214.829
,8.806167800,216.837
,8.811972789,218.536
,8.817777778,219.458
,8.823582766,219.77
,8.829387755,220.573
,8.835192744,221.509
,8.840997732,222.395
,8.846802721,223.617
,8.852607710,224.937
,8.858412698,225.652
,8.864217687,226.288
,8.870022676,226.199
,8.875827664,226.254
,8.881632653,226.383
,8.887437642,226.931
,8.893242630,227.719
,8.899047619,228.296
,8.904852608,228.526
,8.910657596,228.282
,8.916462585,228.606
,8.922267574,228.715
,8.928072562,228.775
,8.933877551,228.907
,8.939682540,228.675
,8.945487528,228.519
,8.951292517,228.235
,8.957097506,227.584
,8.962902494,226.889
,8.968707483,226.404
,8.974512472,225.718
,8.980317460,224.984
,8.986122449,224.319
,8.991927438,223.172
,8.997732426,222.061
,9.003537415,220.753
,9.009342404,219.09
,9.015147392,216.9
,9.020952381,215.101
,9.026757370,213.563
,9.032562358,212.504
,9.038367347,211.149
,9.044172336,209.761
,9.049977324,207.87
,9.055782313,209.234
,9.061587302,210.459
,9.067392290,-207.651
,9.073197279,-207.651
,9.079002268,-207.651
,9.084807256,-207.651
,9.090612245,-207.651
,9.096417234,-207.651
,9.102222222,-205.266
,9.108027211,-205.266
,9.113832200,-205.266
,9.119637188,-202.908
,9.125442177,-200.578
,9.131247166,-198.274
,9.137052154,-198.274
,9.142857143,198.688
,9.148662132,198.093
,9.154467120,198.729
,9.160272109,198.168
,9.166077098,198.718
,9.171882086,198.642
,9.177687075,199.168
,9.183492063,199.186
,9.189297052,199.715
,9.195102041,200.091
,9.200907029,200.284
,9.206712018,200.526
,9.212517007,200.9
,9.218321995,201.444
,9.224126984,202.024
,9.229931973,203.132
,9.235736961,204.047
,9.241541950,204.878
,9.247346939,205.386
,9.253151927,205.902
,9.258956916,206.689
,9.264761905,207.421
,9.270566893,208.675
,9.276371882,210.346
,9.282176871,211.183
,9.287981859,211.668
,9.293786848,212.293
,9.299591837,213.378
,9.305396825,214.943
,9.311201814,216.324
,9.317006803,216.812
,9.322811791,216.44
,9.328616780,215.961
,9.334421769,215.553
,9.340226757,215.13
,9.346031746,214.372
,9.351836735,213.452
,9.357641723,212.485
,9.363446712,211.457
,9.369251701,210.512
,9.375056689,209.736
,9.380861678,209.254
,9.386666667,208.51
,9.392471655,207.435
,9.398276644,206.007
,9.404081633,204.943
,9.409886621,204.479
,9.415691610,205.196
,9.421496599,205.219
,9.427301587,204.831
,9.433106576,203.526
,9.438911565,201.29
,9.444716553,199.635
,9.450521542,198.03
,9.456326531,196.875
,9.462131519,195.826
,9.467936508,194.874
,9.473741497,194.404
,9.479546485,193.929
,9.485351474,193.665
,9.491156463,192.415
,9.496961451,191.34
,9.502766440,192.449
,9.508571429,193.578
,9.514376417,194.39
,9.520181406,194.815
,9.525986395,195.264
,9.531791383,195.897
,9.537596372,196.421
,9.543401361,196.971
,9.549206349,197.479
,9.555011338,198.114
,9.560816327,199.269
,9.566621315,200.516
,9.572426304,201.419
,9.578231293,201.73
,9.584036281,201.838
,9.589841270,201.899
,9.595646259,201.971
,9.601451247,202.381
,9.607256236,203.293
,9.613061224,204.171
,9.618866213,204.919
,9.624671202,205.219
,9.630476190,205.267
,9.636281179,205.555
,9.642086168,205.959
,9.647891156,206.636
,9.653696145,207.184
,9.659501134,207.457
,9.665306122,207.6
,9.671111111,207.528
,9.676916100,207.653
,9.682721088,207.644
,9.688526077,207.648
,9.694331066,207.743
,9.700136054,207.749
,9.705941043,207.783
,9.711746032,207.983
,9.717551020,208.245
,9.723356009,208.282
,9.729160998,208.303
,9.734965986,208.2
,9.740770975,208.048
,9.746575964,207.994
,9.752380952,208.141
,9.758185941,208.286
,9.763990930,208.348
,9.769795918,208.476
,9.775600907,208.418
,9.781405896,208.439
,9.787210884,208.531
,9.793015873,208.645
,9.798820862,208.794
,9.804625850,208.989
,9.810430839,209.195
,9.816235828,209.469
,9.822040816,209.897
,9.827845805,210.563
,9.833650794,211.142
,9.839455782,211.99
,9.845260771,212.899
,9.851065760,214.911
,9.856870748,217.038
,9.862675737,219.626
,9.868480726,222.272
,9.874285714,224.764
,9.880090703,227.085
,9.885895692,230.877
,9.891700680,-230.403
,9.897505669,-227.757
,9.903310658,-225.141
,9.909115646,-225.141
,9.914920635,-222.555
,9.920725624,-219.999
,9.926530612,-217.472
,9.932335601,-214.974
,9.938140590,-212.505
,9.943945578,-210.064
,9.949750567,-207.651
,9.955555556,-205.266
,9.961360544,-202.908
,9.967165533,-200.578
,9.972970522,-198.274
,9.978775510,-195.996
,9.984580499,-193.745
,9.990385488,-191.52
,9.996190476,-189.32
,10.001995465,-187.146
,10.007800454,-184.996
,10.013605442,-182.871
,10.019410431,-180.771
,10.025215420,-178.694
,10.031020408,-176.642
,10.036825397,-174.613
,10.042630385,171.993
,10.048435374,171.816
,10.054240363,170.843
,10.060045351,170.134
,10.065850340,170.15
,10.071655329,170.062
,10.077460317,170.316
,10.083265306,171.756
,10.089070295,171.177
,10.094875283,171.527
,10.100680272,172.311
,10.106485261,172.425
,10.112290249,174.659
,10.118095238,176.938
,10.123900227,177.632
,10.129705215,178.221
,10.135510204,179.665
,10.141315193,181.299
,10.147120181,182.012
,10.152925170,182.038
,10.158730159,182.2
,10.164535147,182.828
,10.170340136,183.662
,10.176145125,184.158
,10.181950113,184.257
,10.187755102,184.109
,10.193560091,184.36
,10.199365079,184.894
,10.205170068,185.356
,10.210975057,186.038
,10.216780045,186.449
,10.222585034,186.537
,10.228390023,186.654
,10.234195011,186.609
,10.240000000,186.643
,10.245804989,186.825
,10.251609977,186.997
,10.257414966,187.329
,10.263219955,187.494
,10.269024943,187.899
,10.274829932,188.088
,10.280634921,188.252
,10.286439909,188.324
,10.292244898,188.282
,10.298049887,188.359
,10.303854875,188.468
,10.309659864,188.423
,10.315464853,188.447
,10.321269841,188.447
,10.327074830,188.252
,10.332879819,188.143
,10.338684807,188.08
,10.344489796,188.138
,10.350294785,188.269
,10.356099773,188.583
,10.361904762,188.828
,10.367709751,189.074
,10.373514739,189.223
,10.379319728,189.316
,10.385124717,189.463
,10.390929705,189.46
,10.396734694,189.546
,10.402539683,189.641
,10.408344671,189.659
,10.414149660,189.753
,10.419954649,189.85
,10.425759637,189.884
,10.431564626,189.976
,10.437369615,190.131
,10.443174603,190.338
,10.448979592,190.729
,10.454784580,191.178
,10.460589569,191.774
,10.466394558,192.688
,10.472199546,193.784
,10.478004535,195.061
,10.483809524,195.849
,10.489614512,196.133
,10.495419501,196.224
,10.501224490,196.372
,10.507029478,196.775
,10.512834467,197.381
,10.518639456,198.334
,10.524444444,199.374
,10.530249433,199.829
,10.536054422,200.002
,10.541859410,200.292
,10.547664399,200.527
,10.553469388,200.753
,10.559274376,200.982
,10.565079365,201.141
,10.570884354,201.428
,10.576689342,202.098
,10.582494331,202.693
,10.588299320,203.044
,10.594104308,203.494
,10.599909297,203.819
,10.605714286,204.582
,10.611519274,205.337
,10.617324263,205.998
,10.623129252,206.743
,10.628934240,207.451
,10.634739229,208.423
,10.640544218,208.554
,10.646349206,209.157
,10.652154195,209.572
,10.657959184,209.63
,10.663764172,210.426
,10.669569161,210.832
,10.675374150,211.324
,10.681179138,212.687
,10.686984127,213.43
,10.692789116,214.027
,10.698594104,214.872
,10.704399093,215.269
,10.710204082,215.839
,10.716009070,216.343
,10.721814059,217.03
,10.727619048,217.329
,10.733424036,217.62
,10.739229025,218.339
,10.745034014,218.896
,10.750839002,219.39
,10.756643991,220.254
,10.762448980,220.113
,10.768253968,219.569
,10.774058957,219.185
,10.779863946,218.825
,10.785668934,218.991
,10.791473923,219.404
,10.797278912,219.806
,10.803083900,220.451
,10.808888889,220.81
,10.814693878,220.929
,10.820498866,220.983
,10.826303855,220.511
,10.832108844,219.747
,10.837913832,219.155
,10.843718821,218.619
,10.849523810,218.06
,10.855328798,217.561
,10.861133787,216.83
,10.866938776,216.102
,10.872743764,215.06
,10.878548753,214.353
,10.884353741,213.261
,10.890158730,211.737
,10.895963719,209.267
,10.901768707,206.958
,10.907573696,205.153
,10.913378685,203.17
,10.919183673,200.432
,10.924988662,198.579
,10.930793651,199.129
,10.936598639,198.997
,10.942403628,198.43
,10.948208617,199.336
,10.954013605,196.71
,10.959818594,195.501
,10.965623583,196.696
,10.971428571,194.465
,10.977233560,194.296
,10.983038549,193.484
,10.988843537,193.078
,10.994648526,193.321
,11.000453515,193.477
,11.006258503,193.546
,11.012063492,193.209
,11.017868481,193.535
,11.023673469,193.226
,11.029478458,193.22
,11.035283447,193.26
,11.041088435,192.906
,11.046893424,192.788
,11.052698413,192.756
,11.058503401,192.512
,11.064308390,192.778
,11.070113379,192.83
,11.075918367,192.636
,11.081723356,192.644
,11.087528345,192.258
,11.093333333,192.021
,11.099138322,192.046
,11.104943311,192.11
,11.110748299,192.086
,11.116553288,192.037
,11.122358277,191.98
,11.128163265,191.817
,11.133968254,191.665
,11.139773243,191.626
,11.145578231,191.681
,11.151383220,191.669
,11.157188209,191.769
,11.162993197,191.708
,11.168798186,191.623
,11.174603175,191.728
,11.180408163,191.822
,11.186213152,192.002
,11.192018141,192.13
,11.197823129,192.165
,11.203628118,192.352
,11.209433107,192.492
,11.215238095,192.669
,11.221043084,192.776
,11.226848073,192.7
,11.232653061,192.854
,11.238458050,192.851
,11.244263039,192.921
,11.250068027,193.065
,11.255873016,193.129
,11.261678005,193.323
,11.267482993,193.733
,11.273287982,194.015
,11.279092971,194.375
,11.284897959,194.881
,11.290702948,195.051
,11.296507937,195.317
,11.302312925,195.412
,11.308117914,195.467
,11.313922902,195.576
,11.319727891,195.335
,11.325532880,195.08
,11.331337868,194.853
,11.337142857,194.514
,11.342947846,194.458
,11.348752834,194.384
,11.354557823,194.238
,11.360362812,194.215
,11.366167800,194.19
,11.371972789,194.266
,11.377777778,194.341
,11.383582766,194.555
,11.389387755,194.811
,11.395192744,195.081
,11.400997732,195.125
,11.406802721,194.546
,11.412607710,192.919
,11.418412698,191.355
,11.424217687,190.416
,11.430022676,190.351
,11.435827664,193.571
,11.441632653,194.569
,11.447437642,194.391
,11.453242630,193.814
,11.459047619,193.803
,11.464852608,193.454
,11.470657596,193.14
,11.476462585,193.485
,11.482267574,193.157
,11.488072562,192.773
,11.493877551,192.694
,11.499682540,193.918
,11.505487528,-200.578
,11.511292517,-207.651
,11.517097506,-214.974
,11.522902494,-222.555
,11.528707483,-230.403
,11.534512472,-238.528
,11.540317460,-246.94
,11.546122449,-255.648
,11.551927438,264.598
,11.557732426,258.49
,11.563537415,251.555
,11.569342404,246.551
,11.575147392,242.329
,11.580952381,241.181
,11.586757370,239.818
,11.592562358,238.944
,11.598367347,238.096
,11.604172336,236.268
,11.609977324,234.914
,11.615782313,234.783
,11.621587302,234.983
,11.627392290,234.631
,11.633197279,233.714
,11.639002268,233.135
,11.644807256,232.519
,11.650612245,232.085
,11.656417234,232.063
,11.662222222,231.946
,11.668027211,231.649
,11.673832200,231.402
,11.679637188,230.864
,11.685442177,229.929
,11.691247166,229.003
,11.697052154,227.913
,11.702857143,227.203
,11.708662132,226.87
,11.714467120,226.548
,11.720272109,226.086
,11.726077098,225.318
,11.731882086,224.073
,11.737687075,222.486
,11.743492063,220.572
,11.749297052,218.935
,11.755102041,217.715
,11.760907029,216.509
,11.766712018,214.916
,11.772517007,214.283
,11.778321995,213.153
,11.784126984,210.323
,11.789931973,209.194
,11.795736961,207.898
,11.801541950,206.385
,11.807346939,205.554
,11.813151927,205.63
,11.818956916,207.307
,11.824761905,207.765
,11.830566893,207.292
,11.836371882,205.16
,11.842176871,203.729
,11.847981859,203.021
,11.853786848,201.119
,11.859591837,202.631
,11.865396825,202.829
,11.871201814,202.886
,11.877006803,203.978
,11.882811791,203.016
,11.888616780,204.302
,11.894421769,205.751
,11.900226757,207.045
,11.906031746,209.022
,11.911836735,210.679
,11.917641723,212.17
,11.923446712,212.404
,11.929251701,212.858
,11.935056689,213.43
,11.940861678,214.405
,11.946666667,215.848
,11.952471655,216.947
,11.958276644,217.818
,11.964081633,218.579
,11.969886621,219.13
,11.975691610,219.971
,11.981496599,221.105
,11.987301587,221.856
,11.993106576,222.543
,11.998911565,223.591
,12.004716553,224.055
,12.010521542,225.224
,12.016326531,225.863
,12.022131519,225.927
,12.027936508,225.974
,12.033741497,225.769
,12.039546485,226.229
,12.045351474,226.688
,12.051156463,227.376
,12.056961451,227.371
,12.062766440,227.191
,12.068571429,227.438
,12.074376417,227.524
,12.080181406,227.788
,12.085986395,228.061
,12.091791383,228.102
,12.097596372,228.237
,12.103401361,228.596
,12.109206349,228.762
,12.115011338,228.885
,12.120816327,228.768
,12.126621315,228.193
,12.132426304,227.692
,12.138231293,227.206
,12.144036281,226.539
,12.149841270,225.885
,12.155646259,225.193
,12.161451247,224.51
,12.167256236,223.66
,12.173061224,222.479
,12.178866213,220.871
,12.184671202,219.219
,12.190476190,217.241
,12.196281179,215.834
,12.202086168,214.645
,12.207891156,213.863
,12.213696145,212.517
,12.219501134,211.119
,12.225306122,209.991
,12.231111111,208.425
,12.236916100,208.359
,12.242721088,207.914
,12.248526077,206.805
,12.254331066,207.806
,12.260136054,207.071
,12.265941043,208.249
,12.271746032,209.319
,12.277551020,207.465
,12.283356009,206.836
,12.289160998,206.915
,12.294965986,207.223
,12.300770975,208.251
,12.306575964,208.952
,12.312380952,208.319
,12.318185941,208.233
,12.323990930,207.747
,12.329795918,208.138
,12.335600907,208.624
,12.341405896,209.194
,12.347210884,210.083
,12.353015873,210.805
,12.358820862,212.053
,12.364625850,213.282
,12.370430839,214.97
,12.376235828,216.204
,12.382040816,217.439
,12.387845805,218.094
,12.393650794,218.707
,12.399455782,219.449
,12.405260771,220.094
,12.411065760,220.77
,12.416870748,221.652
,12.422675737,222.455
,12.428480726,222.837
,12.434285714,223.091
,12.440090703,223.615
,12.445895692,224.156
,12.451700680,224.242
,12.457505669,223.795
,12.463310658,223.293
,12.469115646,223.049
,12.474920635,223.136
,12.480725624,223.419
,12.486530612,223.707
,12.492335601,224.016
,12.498140590,224.087
,12.503945578,224.026
,12.509750567,223.922
,12.515555556,223.651
,12.521360544,223.265
,12.527165533,223.07
,12.532970522,222.775
,12.538775510,222.215
,12.544580499,221.649
,12.550385488,220.66
,12.556190476,219.657
,12.561995465,218.691
,12.567800454,218
,12.573605442,217.173
,12.579410431,216.009
,12.585215420,214.01
,12.591020408,212.227
,12.596825397,211.089
,12.602630385,210.861
,12.608435374,211.459
,12.614240363,211.754
,12.620045351,211.827
,12.625850340,212.509
,12.631655329,213.057
,12.637460317,213.825
,12.643265306,211.609
,12.649070295,207.513
,12.654875283,204.9
,12.660680272,203.994
,12.666485261,202.357
,12.672290249,203.195
,12.678095238,202.624
,12.683900227,202.134
,12.689705215,202.888
,12.695510204,202.216
,12.701315193,202.183
,12.707120181,202.854
,12.712925170,203.393
,12.718730159,204.685
,12.724535147,205.698
,12.730340136,206.584
,12.736145125,207.677
,12.741950113,208.922
,12.747755102,209.774
,12.753560091,210.09
,12.759365079,210.19
,12.765170068,210.547
,12.770975057,211.301
,12.776780045,212.347
,12.782585034,214.033
,12.788390023,216.175
,12.794195011,217.788
,12.800000000,218.9
,12.805804989,219.588
,12.811609977,220.348
,12.817414966,221.818
,12.823219955,222.598
,12.829024943,223.281
,12.834829932,224.158
,12.840634921,224.043
,12.846439909,224.518
,12.852244898,224.502
,12.858049887,223.909
,12.863854875,223.397
,12.869659864,222.434
,12.875464853,222.019
,12.881269841,221.78
,12.887074830,221.325
,12.892879819,220.855
,12.898684807,220.169
,12.904489796,219.496
,12.910294785,218.899
,12.916099773,218.289
,12.921904762,217.69
,12.927709751,216.855
,12.933514739,215.904
,12.939319728,215.189
,12.945124717,214.914
,12.950929705,214.923
,12.956734694,214.844
,12.962539683,214.696
,12.968344671,213.6
,12.974149660,211.515
,12.979954649,210.6
,12.985759637,210.359
,12.991564626,208.706
,12.997369615,205.04
,13.003174603,204.235
,13.008979592,205.518
,13.014784580,206.651
,13.020589569,211.171
,13.026394558,212.84
,13.032199546,212.519
,13.038004535,211.339
,13.043809524,209.82
,13.049614512,208.119
,13.055419501,207.905
,13.061224490,208.628
,13.067029478,209.326
,13.072834467,209.865
,13.078639456,210.527
,13.084444444,211.29
,13.090249433,212.551
,13.096054422,214.286
,13.101859410,216.117
,13.107664399,217.485
,13.113469388,218.117
,13.119274376,218.36
,13.125079365,218.791
,13.130884354,219.264
,13.136689342,220.102
,13.142494331,221.257
,13.148299320,222.434
,13.154104308,223.158
,13.159909297,223.7
,13.165714286,224.201
,13.171519274,224.631
,13.177324263,224.629
,13.183129252,223.758
,13.188934240,222.969
,13.194739229,222.607
,13.200544218,222.21
,13.206349206,221.842
,13.212154195,221.259
,13.217959184,220.446
,13.223764172,219.722
,13.229569161,218.963
,13.235374150,218.032
,13.241179138,216.967
,13.246984127,215.589
,13.252789116,214.249
,13.258594104,213.47
,13.264399093,213.034
,13.270204082,212.851
,13.276009070,212.655
,13.281814059,211.723
,13.287619048,211.27
,13.293424036,211.21
,13.299229025,211.054
,13.305034014,210.624
,13.310839002,207.831
,13.316643991,207.09
,13.322448980,208.186
,13.328253968,207.411
,13.334058957,210.504
,13.339863946,213.473
,13.345668934,212.722
,13.351473923,211.529
,13.357278912,210.572
,13.363083900,210.384
,13.368888889,210.823
,13.374693878,211.865
,13.380498866,213.461
,13.386303855,215.406
,13.392108844,217.575
,13.397913832,218.985
,13.403718821,219.828
,13.409523810,220.325
,13.415328798,221.3
,13.421133787,222.725
,13.426938776,223.983
,13.432743764,225.543
,13.438548753,226.938
,13.444353741,227.468
,13.450158730,227.626
,13.455963719,227.971
,13.461768707,228.183
,13.467573696,228.435
,13.473378685,227.91
,13.479183673,225.984
,13.484988662,224.957
,13.490793651,224.141
,13.496598639,223.394
,13.502403628,222.617
,13.508208617,221.328
,13.514013605,219.61
,13.519818594,217.154
,13.525623583,214.442
,13.531428571,212.36
,13.537233560,211.227
,13.543038549,209.957
,13.548843537,208.628
,13.554648526,205.442
,13.560453515,203.317
,13.566258503,204.158
,13.572063492,203.042
,13.577868481,202.128
,13.583673469,204.006
,13.589478458,204.722
,13.595283447,205.15
,13.601088435,206.558
,13.606893424,206.551
,13.612698413,207.413
,13.618503401,210.003
,13.624308390,212.178
,13.630113379,214.022
,13.635918367,215.864
,13.641723356,217.904
,13.647528345,219.532
,13.653333333,221.692
,13.659138322,223.948
,13.664943311,223.881
,13.670748299,225.977
,13.676553288,228.187
,13.682358277,228.065
,13.688163265,228.825
,13.693968254,229.528
,13.699773243,230.616
,13.705578231,231.097
,13.711383220,231.771
,13.717188209,231.789
,13.722993197,230.068
,13.728798186,231.154
,13.734603175,231.392
,13.740408163,231.596
,13.746213152,232.984
,13.752018141,232.695
,13.757823129,232.278
,13.763628118,229.928
,13.769433107,226.927
,13.775238095,-217.472
,13.781043084,-207.651
,13.786848073,-198.274
,13.792653061,-189.32
,13.798458050,-180.771
,13.804263039,-172.607
,13.810068027,-164.813
,13.815873016,-157.37
,13.821678005,-150.263
,13.827482993,-143.478
,13.833287982,-138.59
,13.839092971,-132.332
,13.844897959,-126.356
,13.850702948,-120.65
,13.856507937,-115.202
,13.862312925,-109.999
,13.868117914,-105.032
,13.873922902,-100.289
,13.879727891,-95.7599
,13.885532880,-91.4356
,13.891337868,-87.3065
,13.897142857,-83.3639
,13.902947846,-79.5993
,13.908752834,-76.0047
,13.914557823,-73.4157
,13.920362812,-70.1004
,13.926167800,-66.9347
,13.931972789,-63.9121
,13.937777778,-61.735
,13.943582766,-61.735
,13.949387755,-61.735
,13.955192744,-61.735
,13.960997732,-61.735
,13.966802721,-61.735
,13.972607710,-61.735
,13.978412698,-61.735
,13.984217687,-61.735
,13.990022676,-61.735
,13.995827664,-61.735
,14.001632653,-61.735
,14.007437642,-61.735
,14.013242630,-61.735
,14.019047619,-61.735
,14.024852608,-61.735
,14.030657596,-61.735
,14.036462585,-61.735
,14.042267574,-61.735
,14.048072562,-61.735
,14.053877551,-61.735
,14.059682540,-61.735
,14.065487528,-61.735
,14.071292517,-61.735
,14.077097506,-61.735
,14.082902494,-61.735
,14.088707483,-61.735
,14.094512472,-61.735
,14.100317460,-61.735
,14.106122449,-61.735
,14.111927438,-61.735
,14.117732426,-61.735
,14.123537415,-61.735
,14.129342404,-61.735
,14.135147392,-61.735
,14.140952381,-61.735
,14.146757370,-61.735
,14.152562358,-61.735
,14.158367347,-61.735
,14.164172336,-61.735
,14.169977324,-61.735
,14.175782313,-61.735
,14.181587302,-61.735
,14.187392290,-61.735
,14.193197279,-61.735
,14.199002268,-61.735
,14.204807256,-61.735
,14.210612245,-61.735
,14.216417234,-61.735
,14.222222222,-61.735
,14.228027211,-61.735
,14.233832200,-61.735
,14.239637188,-61.735
,14.245442177,-61.735
,14.251247166,-61.735
,14.257052154,-61.735
,14.262857143,-61.735
,14.268662132,-61.735
,14.274467120,-61.735
,14.280272109,-61.735
,14.286077098,-61.735
,14.291882086,-61.735
,14.297687075,-61.735
,14.303492063,-61.735
,14.309297052,-61.735
,14.315102041,-61.735
,14.320907029,-61.735
,14.326712018,-61.735
,14.332517007,-61.735
,14.338321995,-61.735
,14.344126984,-61.735
,14.349931973,-61.735
,14.355736961,-61.735
,14.361541950,-61.735
,14.367346939,-61.735
,14.373151927,-61.735
,14.378956916,-61.735
,14.384761905,-61.735
,14.390566893,-61.735
