"/Users/gong/Documents/github/MTG/ICASSP2016/exampleAudios/07/teacher.mp3",0.011609977,-445.11
,0.017414966,-445.11
,0.023219955,-445.11
,0.029024943,-445.11
,0.034829932,-445.11
,0.040634921,-445.11
,0.046439909,-445.11
,0.052244898,-445.11
,0.058049887,-445.11
,0.063854875,-445.11
,0.069659864,-445.11
,0.075464853,-445.11
,0.081269841,-445.11
,0.087074830,-445.11
,0.092879819,-445.11
,0.098684807,-445.11
,0.104489796,-445.11
,0.110294785,-445.11
,0.116099773,-445.11
,0.121904762,-445.11
,0.127709751,-445.11
,0.133514739,-445.11
,0.139319728,-445.11
,0.145124717,-445.11
,0.150929705,-445.11
,0.156734694,-445.11
,0.162539683,-445.11
,0.168344671,-445.11
,0.174149660,-445.11
,0.179954649,-445.11
,0.185759637,-445.11
,0.191564626,-445.11
,0.197369615,-445.11
,0.203174603,-445.11
,0.208979592,-445.11
,0.214784580,-445.11
,0.220589569,-445.11
,0.226394558,-445.11
,0.232199546,-445.11
,0.238004535,-445.11
,0.243809524,-445.11
,0.249614512,-445.11
,0.255419501,-445.11
,0.261224490,-445.11
,0.267029478,-445.11
,0.272834467,-445.11
,0.278639456,-445.11
,0.284444444,-445.11
,0.290249433,-445.11
,0.296054422,-445.11
,0.301859410,-445.11
,0.307664399,-445.11
,0.313469388,-445.11
,0.319274376,-445.11
,0.325079365,-445.11
,0.330884354,-445.11
,0.336689342,-445.11
,0.342494331,443.203
,0.348299320,445.339
,0.354104308,445.656
,0.359909297,445.709
,0.365714286,445.735
,0.371519274,446.516
,0.377324263,453.095
,0.383129252,458.497
,0.388934240,456.366
,0.394739229,453.567
,0.400544218,449.822
,0.406349206,440.918
,0.412154195,438.813
,0.417959184,437.681
,0.423764172,436.463
,0.429569161,435.419
,0.435374150,434.652
,0.441179138,434.09
,0.446984127,434
,0.452789116,433.648
,0.458594104,432.95
,0.464399093,431.921
,0.470204082,430.853
,0.476009070,430.152
,0.481814059,430.359
,0.487619048,430.698
,0.493424036,430.951
,0.499229025,430.894
,0.505034014,430.055
,0.510839002,429.345
,0.516643991,429.309
,0.522448980,429.504
,0.528253968,430.266
,0.534058957,431.265
,0.539863946,431.676
,0.545668934,431.58
,0.551473923,430.963
,0.557278912,429.844
,0.563083900,428.66
,0.568888889,427.233
,0.574693878,425.493
,0.580498866,423.158
,0.586303855,420.556
,0.592108844,417.531
,0.597913832,414.731
,0.603718821,412.031
,0.609523810,409.213
,0.615328798,406.54
,0.621133787,403.747
,0.626938776,400.827
,0.632743764,397.804
,0.638548753,395.108
,0.644353741,392.588
,0.650158730,390.054
,0.655963719,387.917
,0.661768707,386.66
,0.667573696,385.839
,0.673378685,385.925
,0.679183673,386.639
,0.684988662,387.482
,0.690793651,388.322
,0.696598639,388.885
,0.702403628,389.134
,0.708208617,389.427
,0.714013605,389.827
,0.719818594,390.545
,0.725623583,391.154
,0.731428571,391.597
,0.737233560,391.874
,0.743038549,391.867
,0.748843537,391.641
,0.754648526,391.276
,0.760453515,390.945
,0.766258503,390.696
,0.772063492,390.593
,0.777868481,390.638
,0.783673469,390.671
,0.789478458,390.728
,0.795283447,390.71
,0.801088435,390.595
,0.806893424,390.459
,0.812698413,390.526
,0.818503401,390.75
,0.824308390,391.127
,0.830113379,391.486
,0.835918367,391.932
,0.841723356,392.549
,0.847528345,393.094
,0.853333333,393.937
,0.859138322,394.895
,0.864943311,396.291
,0.870748299,398.015
,0.876553288,399.914
,0.882358277,402.047
,0.888163265,404.181
,0.893968254,406.404
,0.899773243,408.924
,0.905578231,412.251
,0.911383220,415.644
,0.917188209,418.864
,0.922993197,422.454
,0.928798186,425.313
,0.934603175,427.228
,0.940408163,427.765
,0.946213152,427.181
,0.952018141,425.793
,0.957823129,423.697
,0.963628118,420.844
,0.969433107,418.041
,0.975238095,415.356
,0.981043084,412.707
,0.986848073,409.772
,0.992653061,406.452
,0.998458050,403.007
,1.004263039,400.049
,1.010068027,397.242
,1.015873016,394.47
,1.021678005,392.464
,1.027482993,390.867
,1.033287982,389.517
,1.039092971,388.673
,1.044897959,388.275
,1.050702948,388.248
,1.056507937,388.529
,1.062312925,389.068
,1.068117914,389.689
,1.073922902,390.389
,1.079727891,391.204
,1.085532880,392.071
,1.091337868,393.116
,1.097142857,394.663
,1.102947846,396.61
,1.108752834,398.846
,1.114557823,401.692
,1.120362812,405.291
,1.126167800,411.214
,1.131972789,415.17
,1.137777778,-405.816
,1.143582766,-401.155
,1.149387755,-396.548
,1.155192744,-391.993
,1.160997732,-387.49
,1.166802721,-383.04
,1.172607710,-378.64
,1.178412698,-374.291
,1.184217687,-369.992
,1.190022676,-365.742
,1.195827664,361.473
,1.201632653,358.973
,1.207437642,356.401
,1.213242630,354.417
,1.219047619,352.369
,1.224852608,350.616
,1.230657596,349.314
,1.236462585,348.345
,1.242267574,347.936
,1.248072562,348.033
,1.253877551,348.325
,1.259682540,348.917
,1.265487528,349.655
,1.271292517,350.596
,1.277097506,351.651
,1.282902494,352.453
,1.288707483,353.015
,1.294512472,353.403
,1.300317460,353.55
,1.306122449,353.794
,1.311927438,353.936
,1.317732426,353.829
,1.323537415,353.6
,1.329342404,353.198
,1.335147392,352.889
,1.340952381,352.705
,1.346757370,352.87
,1.352562358,353.17
,1.358367347,353.513
,1.364172336,353.857
,1.369977324,354.218
,1.375782313,354.715
,1.381587302,355.263
,1.387392290,355.872
,1.393197279,356.39
,1.399002268,356.704
,1.404807256,357.084
,1.410612245,357.745
,1.416417234,358.645
,1.422222222,359.818
,1.428027211,361.207
,1.433832200,362.422
,1.439637188,363.65
,1.445442177,364.878
,1.451247166,366.23
,1.457052154,367.629
,1.462857143,368.985
,1.468662132,369.909
,1.474467120,370.487
,1.480272109,371.024
,1.486077098,371.694
,1.491882086,372.695
,1.497687075,373.814
,1.503492063,374.927
,1.509297052,376.043
,1.515102041,377.138
,1.520907029,378.188
,1.526712018,379.368
,1.532517007,380.712
,1.538321995,382.329
,1.544126984,383.838
,1.549931973,385.237
,1.555736961,386.322
,1.561541950,386.885
,1.567346939,386.86
,1.573151927,386.548
,1.578956916,385.897
,1.584761905,385.294
,1.590566893,384.881
,1.596371882,384.52
,1.602176871,384.185
,1.607981859,383.861
,1.613786848,383.469
,1.619591837,383.252
,1.625396825,383.189
,1.631201814,383.182
,1.637006803,383.291
,1.642811791,383.337
,1.648616780,383.3
,1.654421769,383.33
,1.660226757,383.251
,1.666031746,383.304
,1.671836735,383.435
,1.677641723,383.624
,1.683446712,383.975
,1.689251701,384.244
,1.695056689,384.648
,1.700861678,385.086
,1.706666667,385.67
,1.712471655,386.363
,1.718276644,386.956
,1.724081633,387.764
,1.729886621,388.762
,1.735691610,390.051
,1.741496599,391.436
,1.747301587,392.882
,1.753106576,394.534
,1.758911565,396.285
,1.764716553,397.968
,1.770521542,399.821
,1.776326531,401.779
,1.782131519,403.76
,1.787936508,405.945
,1.793741497,408.448
,1.799546485,411.22
,1.805351474,413.528
,1.811156463,415.765
,1.816961451,417.809
,1.822766440,419.964
,1.828571429,422.372
,1.834376417,424.187
,1.840181406,426.197
,1.845986395,427.728
,1.851791383,429.467
,1.857596372,430.815
,1.863401361,432.033
,1.869206349,432.287
,1.875011338,431.703
,1.880816327,430.322
,1.886621315,427.893
,1.892426304,425.337
,1.898231293,421.419
,1.904036281,417.125
,1.909841270,412.007
,1.915646259,406.756
,1.921451247,402.171
,1.927256236,397.92
,1.933061224,393.438
,1.938866213,388.484
,1.944671202,384.63
,1.950476190,381.447
,1.956281179,378.783
,1.962086168,377.013
,1.967891156,376.098
,1.973696145,375.652
,1.979501134,375.538
,1.985306122,375.49
,1.991111111,375.448
,1.996916100,375.587
,2.002721088,375.975
,2.008526077,376.595
,2.014331066,377.443
,2.020136054,378.42
,2.025941043,379.491
,2.031746032,380.543
,2.037551020,381.538
,2.043356009,382.761
,2.049160998,384.334
,2.054965986,386.185
,2.060770975,388.021
,2.066575964,389.889
,2.072380952,391.868
,2.078185941,393.87
,2.083990930,395.663
,2.089795918,396.87
,2.095600907,397.602
,2.101405896,398.08
,2.107210884,398.703
,2.113015873,399.397
,2.118820862,400.216
,2.124625850,400.833
,2.130430839,401.134
,2.136235828,401.53
,2.142040816,401.933
,2.147845805,402.19
,2.153650794,402.509
,2.159455782,402.82
,2.165260771,402.828
,2.171065760,402.865
,2.176870748,402.749
,2.182675737,402.101
,2.188480726,401.109
,2.194285714,399.682
,2.200090703,397.711
,2.205895692,395.537
,2.211700680,393.248
,2.217505669,390.324
,2.223310658,386.548
,2.229115646,383.073
,2.234920635,379.822
,2.240725624,376.591
,2.246530612,373.69
,2.252335601,370.806
,2.258140590,368.112
,2.263945578,365.51
,2.269750567,362.675
,2.275555556,359.616
,2.281360544,356.208
,2.287165533,352.649
,2.292970522,348.846
,2.298775510,344.868
,2.304580499,340.435
,2.310385488,335.727
,2.316190476,331.225
,2.321995465,327.034
,2.327800454,323.079
,2.333605442,319.341
,2.339410431,315.495
,2.345215420,311.58
,2.351020408,307.494
,2.356825397,303.286
,2.362630385,299.514
,2.368435374,296.753
,2.374240363,295.215
,2.380045351,293.92
,2.385850340,292.799
,2.391655329,292.28
,2.397460317,291.959
,2.403265306,291.596
,2.409070295,290.924
,2.414875283,289.628
,2.420680272,287.457
,2.426485261,285.281
,2.432290249,283.709
,2.438095238,282.966
,2.443900227,283.225
,2.449705215,283.864
,2.455510204,284.728
,2.461315193,285.472
,2.467120181,285.942
,2.472925170,286.626
,2.478730159,287.365
,2.484535147,287.975
,2.490340136,288.592
,2.496145125,289.167
,2.501950113,289.826
,2.507755102,290.966
,2.513560091,292.34
,2.519365079,293.367
,2.525170068,294.803
,2.530975057,295.999
,2.536780045,296.874
,2.542585034,298.287
,2.548390023,300.377
,2.554195011,303.091
,2.560000000,305.199
,2.565804989,307.278
,2.571609977,308.617
,2.577414966,309.568
,2.583219955,310.462
,2.589024943,311.501
,2.594829932,312.793
,2.600634921,314.234
,2.606439909,316.028
,2.612244898,317.237
,2.618049887,318.094
,2.623854875,318.588
,2.629659864,318.515
,2.635464853,318.206
,2.641269841,318.013
,2.647074830,318.301
,2.652879819,319.064
,2.658684807,320.274
,2.664489796,321.322
,2.670294785,322.17
,2.676099773,322.738
,2.681904762,322.537
,2.687709751,322.073
,2.693514739,321.512
,2.699319728,321.11
,2.705124717,321.184
,2.710929705,321.321
,2.716734694,321.266
,2.722539683,320.885
,2.728344671,319.882
,2.734149660,318.453
,2.739954649,316.614
,2.745759637,314.521
,2.751564626,312.278
,2.757369615,310.21
,2.763174603,308.403
,2.768979592,306.616
,2.774784580,304.328
,2.780589569,301.41
,2.786394558,298.485
,2.792199546,296.616
,2.798004535,295.036
,2.803809524,293.624
,2.809614512,292.481
,2.815419501,291.739
,2.821224490,291.035
,2.827029478,290.643
,2.832834467,290.469
,2.838639456,290.138
,2.844444444,289.847
,2.850249433,289.394
,2.856054422,288.989
,2.861859410,288.868
,2.867664399,289.315
,2.873469388,290.173
,2.879274376,291.347
,2.885079365,292.533
,2.890884354,293.676
,2.896689342,295.297
,2.902494331,296.916
,2.908299320,298.485
,2.914104308,300.23
,2.919909297,302.173
,2.925714286,304.367
,2.931519274,306.609
,2.937324263,308.841
,2.943129252,311.021
,2.948934240,312.286
,2.954739229,313.032
,2.960544218,313.35
,2.966349206,313.471
,2.972154195,313.782
,2.977959184,314.181
,2.983764172,314.85
,2.989569161,316.03
,2.995374150,317.514
,3.001179138,318.628
,3.006984127,319.309
,3.012789116,319.493
,3.018594104,319.308
,3.024399093,318.917
,3.030204082,318.071
,3.036009070,316.863
,3.041814059,315.2
,3.047619048,312.775
,3.053424036,310.544
,3.059229025,308.658
,3.065034014,307.208
,3.070839002,305.986
,3.076643991,304.802
,3.082448980,303.534
,3.088253968,302.202
,3.094058957,301.033
,3.099863946,299.856
,3.105668934,299.193
,3.111473923,298.809
,3.117278912,298.643
,3.123083900,298.645
,3.128888889,298.683
,3.134693878,298.744
,3.140498866,299.003
,3.146303855,299.327
,3.152108844,300.015
,3.157913832,300.642
,3.163718821,301.63
,3.169523810,302.784
,3.175328798,303.889
,3.181133787,304.995
,3.186938776,306.496
,3.192743764,308.256
,3.198548753,310.125
,3.204353741,311.763
,3.210158730,313.207
,3.215963719,314.628
,3.221768707,316.272
,3.227573696,318.419
,3.233378685,321.158
,3.239183673,324.807
,3.244988662,329.242
,3.250793651,333.938
,3.256598639,338.419
,3.262403628,342.649
,3.268208617,347.189
,3.274013605,352.006
,3.279818594,359.639
,3.285623583,366.348
,3.291428571,-365.742
,3.297233560,-361.541
,3.303038549,-357.389
,3.308843537,-353.284
,3.314648526,-353.284
,3.320453515,-349.226
,3.326258503,-345.215
,3.332063492,-341.25
,3.337868481,-337.33
,3.343673469,-333.455
,3.349478458,-329.625
,3.355283447,327.104
,3.361088435,322.754
,3.366893424,317.684
,3.372698413,312.755
,3.378503401,308.102
,3.384308390,303.714
,3.390113379,299.816
,3.395918367,296.625
,3.401723356,294.407
,3.407528345,293.468
,3.413333333,294.29
,3.419138322,296.114
,3.424943311,298.829
,3.430748299,303.018
,3.436553288,309.098
,3.442358277,315.646
,3.448163265,321.741
,3.453968254,326.482
,3.459773243,331.137
,3.465578231,335.954
,3.471383220,340.884
,3.477188209,345.777
,3.482993197,350.961
,3.488798186,358.57
,3.494603175,369.398
,3.500408163,377.063
,3.506213152,380.392
,3.512018141,383.675
,3.517823129,386.01
,3.523628118,386.72
,3.529433107,385.441
,3.535238095,380.858
,3.541043084,375.06
,3.546848073,370.25
,3.552653061,365.529
,3.558458050,360.671
,3.564263039,355.925
,3.570068027,351.255
,3.575873016,346.815
,3.581678005,342.398
,3.587482993,336.703
,3.593287982,329.469
,3.599092971,321.076
,3.604897959,314.42
,3.610702948,309.917
,3.616507937,306.696
,3.622312925,304.64
,3.628117914,303.205
,3.633922902,302.524
,3.639727891,302.733
,3.645532880,303.352
,3.651337868,304.569
,3.657142857,306.619
,3.662947846,309.427
,3.668752834,312.69
,3.674557823,316.229
,3.680362812,320.26
,3.686167800,324.61
,3.691972789,330.173
,3.697777778,335.815
,3.703582766,341.2
,3.709387755,346.882
,3.715192744,352.575
,3.720997732,359.02
,3.726802721,365.363
,3.732607710,370.453
,3.738412698,373.578
,3.744217687,373.798
,3.750022676,371.407
,3.755827664,365.18
,3.761632653,356.96
,3.767437642,350.03
,3.773242630,-329.625
,3.779047619,-311.125
,3.784852608,292.266
,3.790657596,286.922
,3.796462585,283.71
,3.802267574,281.475
,3.808072562,280.006
,3.813877551,279.122
,3.819682540,278.426
,3.825487528,278.18
,3.831292517,278.461
,3.837097506,279.743
,3.842902494,281.844
,3.848707483,284.078
,3.854512472,286.555
,3.860317460,288.808
,3.866122449,290.599
,3.871927438,292.23
,3.877732426,293.841
,3.883537415,295.014
,3.889342404,296.533
,3.895147392,298.004
,3.900952381,299.131
,3.906757370,299.677
,3.912562358,300.083
,3.918367347,299.992
,3.924172336,299.536
,3.929977324,298.826
,3.935782313,297.265
,3.941587302,295.304
,3.947392290,293.288
,3.953197279,290.391
,3.959002268,287.784
,3.964807256,287.378
,3.970612245,290.523
,3.976417234,296.581
,3.982222222,302.078
,3.988027211,306.531
,3.993832200,311.323
,3.999637188,316.235
,4.005442177,320.126
,4.011247166,322.955
,4.017052154,325.178
,4.022857143,327.088
,4.028662132,328.224
,4.034467120,328.808
,4.040272109,328.446
,4.046077098,327.036
,4.051882086,325.256
,4.057687075,323.813
,4.063492063,323.237
,4.069297052,323.625
,4.075102041,324.976
,4.080907029,326.651
,4.086712018,328.097
,4.092517007,329.313
,4.098321995,329.91
,4.104126984,329.88
,4.109931973,329.239
,4.115736961,327.932
,4.121541950,326.346
,4.127346939,324.465
,4.133151927,323.062
,4.138956916,322.418
,4.144761905,322.519
,4.150566893,323.184
,4.156371882,324.647
,4.162176871,326.942
,4.167981859,330.491
,4.173786848,335.967
,4.179591837,342.954
,4.185396825,349.93
,4.191201814,355.646
,4.197006803,361.008
,4.202811791,366.188
,4.208616780,370.929
,4.214421769,374.183
,4.220226757,375.911
,4.226031746,376.726
,4.231836735,376.781
,4.237641723,376.421
,4.243446712,375.608
,4.249251701,374.65
,4.255056689,373.884
,4.260861678,373.263
,4.266666667,372.989
,4.272471655,372.872
,4.278276644,373.154
,4.284081633,373.508
,4.289886621,374.068
,4.295691610,374.669
,4.301496599,375.231
,4.307301587,376.051
,4.313106576,376.767
,4.318911565,377.695
,4.324716553,378.584
,4.330521542,379.477
,4.336326531,380.244
,4.342131519,380.94
,4.347936508,381.707
,4.353741497,382.527
,4.359546485,383.34
,4.365351474,384.029
,4.371156463,384.446
,4.376961451,384.671
,4.382766440,384.917
,4.388571429,385.351
,4.394376417,386.071
,4.400181406,387.053
,4.405986395,388.355
,4.411791383,389.972
,4.417596372,391.455
,4.423401361,392.795
,4.429206349,394.241
,4.435011338,395.719
,4.440816327,397.355
,4.446621315,399.423
,4.452426304,401.697
,4.458231293,404.063
,4.464036281,406.541
,4.469841270,409.096
,4.475646259,411.706
,4.481451247,413.994
,4.487256236,416.613
,4.493061224,419.258
,4.498866213,421.477
,4.504671202,423.582
,4.510476190,425.299
,4.516281179,427.289
,4.522086168,429.104
,4.527891156,431.337
,4.533696145,432.887
,4.539501134,434.229
,4.545306122,434.768
,4.551111111,435.032
,4.556916100,434.914
,4.562721088,434.375
,4.568526077,433.574
,4.574331066,432.275
,4.580136054,430.675
,4.585941043,428.519
,4.591746032,425.806
,4.597551020,422.38
,4.603356009,419.138
,4.609160998,415.497
,4.614965986,412.295
,4.620770975,408.838
,4.626575964,404.949
,4.632380952,400.805
,4.638185941,397.163
,4.643990930,393.734
,4.649795918,389.646
,4.655600907,385.812
,4.661405896,382.403
,4.667210884,379.823
,4.673015873,377.782
,4.678820862,376.423
,4.684625850,375.731
,4.690430839,375.416
,4.696235828,375.369
,4.702040816,375.864
,4.707845805,376.454
,4.713650794,376.961
,4.719455782,377.399
,4.725260771,377.561
,4.731065760,377.563
,4.736870748,377.579
,4.742675737,377.446
,4.748480726,377.325
,4.754285714,377.314
,4.760090703,377.507
,4.765895692,377.992
,4.771700680,378.776
,4.777505669,379.619
,4.783310658,380.368
,4.789115646,380.988
,4.794920635,381.336
,4.800725624,381.655
,4.806530612,382.257
,4.812335601,383.106
,4.818140590,384.434
,4.823945578,385.997
,4.829750567,387.749
,4.835555556,389.303
,4.841360544,390.825
,4.847165533,392.38
,4.852970522,393.229
,4.858775510,393.769
,4.864580499,394.594
,4.870385488,395.928
,4.876190476,398.075
,4.881995465,401.14
,4.887800454,404.834
,4.893605442,409.121
,4.899410431,413.095
,4.905215420,417.509
,4.911020408,421.649
,4.916825397,425.663
,4.922630385,429.393
,4.928435374,433.23
,4.934240363,436.151
,4.940045351,438.131
,4.945850340,439.578
,4.951655329,440.079
,4.957460317,440.181
,4.963265306,440.039
,4.969070295,440.82
,4.974875283,442.246
,4.980680272,443.649
,4.986485261,444.853
,4.992290249,444.983
,4.998095238,444.365
,5.003900227,443.489
,5.009705215,442.625
,5.015510204,440.844
,5.021315193,437.674
,5.027120181,431.971
,5.032925170,426.157
,5.038730159,420.578
,5.044535147,416.538
,5.050340136,412.797
,5.056145125,408.959
,5.061950113,404.407
,5.067755102,399.637
,5.073560091,395.013
,5.079365079,391.401
,5.085170068,388.867
,5.090975057,386.651
,5.096780045,384.815
,5.102585034,383.421
,5.108390023,382.334
,5.114195011,381.355
,5.120000000,380.46
,5.125804989,379.557
,5.131609977,378.792
,5.137414966,378.06
,5.143219955,377.334
,5.149024943,376.758
,5.154829932,376.297
,5.160634921,375.933
,5.166439909,375.844
,5.172244898,376.064
,5.178049887,376.708
,5.183854875,377.738
,5.189659864,378.869
,5.195464853,379.945
,5.201269841,381.02
,5.207074830,382.391
,5.212879819,384.298
,5.218684807,386.801
,5.224489796,389.969
,5.230294785,393.115
,5.236099773,395.032
,5.241904762,396.225
,5.247709751,396.738
,5.253514739,397.157
,5.259319728,397.892
,5.265124717,399.643
,5.270929705,401.815
,5.276734694,403.707
,5.282539683,405.201
,5.288344671,406.518
,5.294149660,407.275
,5.299954649,407.572
,5.305759637,407.589
,5.311564626,407.689
,5.317369615,408.261
,5.323174603,410.783
,5.328979592,416.141
,5.334784580,420.148
,5.340589569,422.773
,5.346394558,424.934
,5.352199546,426.765
,5.358004535,427.823
,5.363809524,428.802
,5.369614512,429.286
,5.375419501,429.944
,5.381224490,430.45
,5.387029478,431.19
,5.392834467,432.001
,5.398639456,433.091
,5.404444444,434.14
,5.410249433,435.127
,5.416054422,435.688
,5.421859410,435.933
,5.427664399,435.914
,5.433469388,435.595
,5.439274376,435.629
,5.445079365,436.044
,5.450884354,436.514
,5.456689342,436.964
,5.462494331,437.079
,5.468299320,436.699
,5.474104308,436.117
,5.479909297,435.903
,5.485714286,437.833
,5.491519274,441.181
,5.497324263,443.431
,5.503129252,443.616
,5.508934240,441.903
,5.514739229,439.342
,5.520544218,435.551
,5.526349206,429.527
,5.532154195,421.943
,5.537959184,411.751
,5.543764172,398.701
,5.549569161,382.439
,5.555374150,372.03
,5.561179138,-357.389
,5.566984127,-345.215
,5.572789116,334.719
,5.578594104,314.732
,5.584399093,306.426
,5.590204082,300.23
,5.596009070,296.165
,5.601814059,293.382
,5.607619048,293.34
,5.613424036,294.365
,5.619229025,295.493
,5.625034014,297.506
,5.630839002,299.956
,5.636643991,302.467
,5.642448980,305.86
,5.648253968,308.821
,5.654058957,311.706
,5.659863946,314.673
,5.665668934,317.874
,5.671473923,322.117
,5.677278912,328.39
,5.683083900,336.988
,5.688888889,342.113
,5.694693878,343.573
,5.700498866,344.927
,5.706303855,345.401
,5.712108844,344.98
,5.717913832,343.666
,5.723718821,341.27
,5.729523810,337.523
,5.735328798,332.534
,5.741133787,326.153
,5.746938776,319.009
,5.752743764,312.832
,5.758548753,307.1
,5.764353741,302.082
,5.770158730,298.739
,5.775963719,296.305
,5.781768707,294.569
,5.787573696,293.109
,5.793378685,292.23
,5.799183673,291.922
,5.804988662,292.045
,5.810793651,292.593
,5.816598639,293.39
,5.822403628,294.453
,5.828208617,295.546
,5.834013605,296.565
,5.839818594,297.598
,5.845623583,298.797
,5.851428571,300.375
,5.857233560,302.11
,5.863038549,304.002
,5.868843537,306.263
,5.874648526,307.718
,5.880453515,308.354
,5.886258503,308.707
,5.892063492,309.94
,5.897868481,313.094
,5.903673469,319.032
,5.909478458,-307.551
,5.915283447,-297.075
,5.921088435,-286.956
,5.926893424,-277.181
,5.932698413,-267.739
,5.938503401,-258.619
,5.944308390,-249.809
,5.950113379,-238.528
,5.955918367,229.364
,5.961723356,222.677
,5.967528345,217.284
,5.973333333,214.448
,5.979138322,210.541
,5.984943311,207.191
,5.990748299,205.708
,5.996553288,204.977
,6.002358277,204.525
,6.008163265,204.325
,6.013968254,204.341
,6.019773243,204.416
,6.025578231,204.623
,6.031383220,205.007
,6.037188209,205.549
,6.042993197,206.31
,6.048798186,207.199
,6.054603175,207.736
,6.060408163,208.047
,6.066213152,208.158
,6.072018141,208.194
,6.077823129,208.579
,6.083628118,209.334
,6.089433107,210.149
,6.095238095,211.054
,6.101043084,211.757
,6.106848073,212.154
,6.112653061,211.855
,6.118458050,211.048
,6.124263039,209.802
,6.130068027,208.932
,6.135873016,208.436
,6.141678005,208.032
,6.147482993,208.107
,6.153287982,209.113
,6.159092971,210.201
,6.164897959,211.43
,6.170702948,213.246
,6.176507937,216.425
,6.182312925,219.622
,6.188117914,221.337
,6.193922902,223.986
,6.199727891,226.24
,6.205532880,228.02
,6.211337868,232.541
,6.217142857,236.586
,6.222947846,242.837
,6.228752834,254.537
,6.234557823,262.971
,6.240362812,265.751
,6.246167800,267.952
,6.251972789,268.78
,6.257777778,269.774
,6.263582766,270.393
,6.269387755,269.581
,6.275192744,268.113
,6.280997732,264.505
,6.286802721,261.683
,6.292607710,258.858
,6.298412698,257.156
,6.304217687,255.449
,6.310022676,254.308
,6.315827664,253.047
,6.321632653,251.991
,6.327437642,250.786
,6.333242630,250.043
,6.339047619,249.499
,6.344852608,249.365
,6.350657596,249.591
,6.356462585,250.042
,6.362267574,250.413
,6.368072562,250.728
,6.373877551,250.92
,6.379682540,250.989
,6.385487528,251.206
,6.391292517,251.697
,6.397097506,252.401
,6.402902494,253.591
,6.408707483,254.627
,6.414512472,254.923
,6.420317460,254.015
,6.426122449,250.483
,6.431927438,-249.809
,6.437732426,-249.809
,6.443537415,-249.809
,6.449342404,-249.809
,6.455147392,-249.809
,6.460952381,-249.809
,6.466757370,-249.809
,6.472562358,-249.809
,6.478367347,-249.809
,6.484172336,-252.712
,6.489977324,-255.648
,6.495782313,-258.619
,6.501587302,262.142
,6.507392290,268.743
,6.513197279,274.345
,6.519002268,277.766
,6.524807256,280.397
,6.530612245,281.795
,6.536417234,281.449
,6.542222222,280.134
,6.548027211,278.465
,6.553832200,276.815
,6.559637188,275.218
,6.565442177,273.673
,6.571247166,272.387
,6.577052154,271.664
,6.582857143,271.237
,6.588662132,271.013
,6.594467120,270.996
,6.600272109,271.013
,6.606077098,271.517
,6.611882086,272.404
,6.617687075,273.964
,6.623492063,275.719
,6.629297052,277.329
,6.635102041,278.387
,6.640907029,278.853
,6.646712018,278.767
,6.652517007,278.276
,6.658321995,277.755
,6.664126984,277.186
,6.669931973,276.689
,6.675736961,276.024
,6.681541950,275.733
,6.687346939,275.407
,6.693151927,274.779
,6.698956916,274.073
,6.704761905,272.577
,6.710566893,270.69
,6.716371882,268.497
,6.722176871,265.874
,6.727981859,263.39
,6.733786848,260.55
,6.739591837,258.404
,6.745396825,256.418
,6.751201814,254.856
,6.757006803,253.189
,6.762811791,251.868
,6.768616780,250.625
,6.774421769,249.55
,6.780226757,248.601
,6.786031746,247.74
,6.791836735,247.336
,6.797641723,246.961
,6.803446712,246.868
,6.809251701,246.984
,6.815056689,247.359
,6.820861678,248.045
,6.826666667,249.352
,6.832471655,250.557
,6.838276644,252.296
,6.844081633,253.954
,6.849886621,256.143
,6.855691610,258.006
,6.861496599,260.145
,6.867301587,262.401
,6.873106576,265.751
,6.878911565,269.607
,6.884716553,273.112
,6.890521542,276.153
,6.896326531,278.136
,6.902131519,279.447
,6.907936508,280.013
,6.913741497,280.406
,6.919546485,281.007
,6.925351474,281.827
,6.931156463,282.689
,6.936961451,283.456
,6.942766440,283.781
,6.948571429,283.933
,6.954376417,283.898
,6.960181406,283.911
,6.965986395,284.168
,6.971791383,284.352
,6.977596372,284.56
,6.983401361,284.861
,6.989206349,285.052
,6.995011338,285.275
,7.000816327,285.454
,7.006621315,285.492
,7.012426304,285.496
,7.018231293,285.215
,7.024036281,284.813
,7.029841270,284.494
,7.035646259,284.082
,7.041451247,283.527
,7.047256236,282.921
,7.053061224,282.197
,7.058866213,281.321
,7.064671202,280.448
,7.070476190,279.298
,7.076281179,277.987
,7.082086168,276.097
,7.087891156,273.977
,7.093696145,271.302
,7.099501134,269.067
,7.105306122,266.851
,7.111111111,265.041
,7.116916100,263.403
,7.122721088,262.139
,7.128526077,261.187
,7.134331066,260.127
,7.140136054,259.167
,7.145941043,257.894
,7.151746032,257.011
,7.157551020,256.204
,7.163356009,255.719
,7.169160998,255.483
,7.174965986,255.499
,7.180770975,255.938
,7.186575964,256.606
,7.192380952,257.676
,7.198185941,258.797
,7.203990930,259.934
,7.209795918,261.023
,7.215600907,262.225
,7.221405896,263.158
,7.227210884,264.32
,7.233015873,265.301
,7.238820862,266.754
,7.244625850,268.12
,7.250430839,269.796
,7.256235828,271.623
,7.262040816,273.591
,7.267845805,275.732
,7.273650794,277.785
,7.279455782,279.448
,7.285260771,280.917
,7.291065760,282.398
,7.296870748,283.581
,7.302675737,284.39
,7.308480726,285.004
,7.314285714,285.265
,7.320090703,285.998
,7.325895692,286.791
,7.331700680,287.889
,7.337505669,289.484
,7.343310658,290.95
,7.349115646,292.219
,7.354920635,293.735
,7.360725624,295.192
,7.366530612,297.948
,7.372335601,305.148
,7.378140590,309.489
,7.383945578,-307.551
,7.389750567,-300.527
,7.395555556,-293.663
,7.401360544,-286.956
,7.407165533,-280.401
,7.412970522,272.837
,7.418775510,271.969
,7.424580499,271.318
,7.430385488,270.079
,7.436190476,269.241
,7.441995465,268.27
,7.447800454,267.656
,7.453605442,267.25
,7.459410431,267.226
,7.465215420,267.239
,7.471020408,267.278
,7.476825397,267.465
,7.482630385,267.775
,7.488435374,268.601
,7.494240363,269.904
,7.500045351,271.315
,7.505850340,273.072
,7.511655329,275.092
,7.517460317,277.846
,7.523265306,280.704
,7.529070295,283.728
,7.534875283,287.533
,7.540680272,292.23
,7.546485261,296.129
,7.552290249,299.143
,7.558095238,301.188
,7.563900227,302.529
,7.569705215,303.223
,7.575510204,304.172
,7.581315193,305.235
,7.587120181,306.539
,7.592925170,307.957
,7.598730159,309.421
,7.604535147,310.963
,7.610340136,312.135
,7.616145125,312.804
,7.621950113,313.398
,7.627755102,313.782
,7.633560091,314.003
,7.639365079,314.079
,7.645170068,313.914
,7.650975057,313.368
,7.656780045,312.597
,7.662585034,311.257
,7.668390023,309.225
,7.674195011,306.684
,7.680000000,304.209
,7.685804989,301.297
,7.691609977,297.951
,7.697414966,294.759
,7.703219955,292.193
,7.709024943,289.334
,7.714829932,286.326
,7.720634921,283.694
,7.726439909,281.548
,7.732244898,279.893
,7.738049887,278.588
,7.743854875,277.633
,7.749659864,277.013
,7.755464853,276.555
,7.761269841,276.232
,7.767074830,275.948
,7.772879819,275.487
,7.778684807,275.035
,7.784489796,274.456
,7.790294785,274.207
,7.796099773,274.177
,7.801904762,274.497
,7.807709751,274.905
,7.813514739,275.222
,7.819319728,275.527
,7.825124717,275.688
,7.830929705,275.957
,7.836734694,276.413
,7.842539683,277.051
,7.848344671,278.021
,7.854149660,279.175
,7.859954649,280.539
,7.865759637,282.324
,7.871564626,284.596
,7.877369615,287.47
,7.883174603,290.842
,7.888979592,293.436
,7.894784580,296.024
,7.900589569,298.5
,7.906394558,301.236
,7.912199546,303.752
,7.918004535,307.285
,7.923809524,311.364
,7.929614512,315.29
,7.935419501,318.682
,7.941224490,322.157
,7.947029478,325.559
,7.952834467,328.257
,7.958639456,330.088
,7.964444444,331.101
,7.970249433,331.143
,7.976054422,330.342
,7.981859410,328.782
,7.987664399,326.251
,7.993469388,323.187
,7.999274376,319.967
,8.005079365,316.713
,8.010884354,312.852
,8.016689342,307.865
,8.022494331,302.13
,8.028299320,296.971
,8.034104308,293.006
,8.039909297,290.048
,8.045714286,287.77
,8.051519274,285.35
,8.057324263,282.67
,8.063129252,279.827
,8.068934240,277.444
,8.074739229,275.589
,8.080544218,274.245
,8.086349206,273.268
,8.092154195,272.421
,8.097959184,271.899
,8.103764172,271.456
,8.109569161,271.157
,8.115374150,271.106
,8.121179138,271.07
,8.126984127,271.255
,8.132789116,271.559
,8.138594104,271.938
,8.144399093,272.345
,8.150204082,273.048
,8.156009070,274.059
,8.161814059,275.823
,8.167619048,278.157
,8.173424036,280.837
,8.179229025,283.466
,8.185034014,286.419
,8.190839002,288.907
,8.196643991,291.356
,8.202448980,296.539
,8.208253968,305.733
,8.214058957,-297.075
,8.219863946,-293.663
,8.225668934,-286.956
,8.231473923,-280.401
,8.237278912,-273.997
,8.243083900,-267.739
,8.248888889,-261.624
,8.254693878,-258.619
,8.260498866,252.762
,8.266303855,250.685
,8.272108844,248.59
,8.277913832,246.725
,8.283718821,244.589
,8.289523810,243.09
,8.295328798,241.775
,8.301133787,241.099
,8.306938776,240.618
,8.312743764,240.627
,8.318548753,240.812
,8.324353741,241.126
,8.330158730,241.692
,8.335963719,242.333
,8.341768707,243.262
,8.347573696,244.078
,8.353378685,245.139
,8.359183673,245.722
,8.364988662,246.155
,8.370793651,246.504
,8.376598639,246.756
,8.382403628,247.105
,8.388208617,247.374
,8.394013605,247.529
,8.399818594,247.519
,8.405623583,247.407
,8.411428571,247.171
,8.417233560,246.921
,8.423038549,246.879
,8.428843537,246.938
,8.434648526,247.18
,8.440453515,247.57
,8.446258503,247.693
,8.452063492,248.023
,8.457868481,248.459
,8.463673469,249.205
,8.469478458,250.183
,8.475283447,251.34
,8.481088435,252.113
,8.486893424,252.814
,8.492698413,253.148
,8.498503401,253.31
,8.504308390,253.277
,8.510113379,253.208
,8.515918367,253.181
,8.521723356,253.145
,8.527528345,253.2
,8.533333333,253.289
,8.539138322,253.485
,8.544943311,253.728
,8.550748299,254.118
,8.556553288,254.415
,8.562358277,254.786
,8.568163265,255.034
,8.573968254,255.181
,8.579773243,255.312
,8.585578231,255.304
,8.591383220,255.11
,8.597188209,254.743
,8.602993197,254.196
,8.608798186,253.349
,8.614603175,252.533
,8.620408163,251.583
,8.626213152,250.357
,8.632018141,248.932
,8.637823129,246.988
,8.643628118,245.041
,8.649433107,242.743
,8.655238095,240.559
,8.661043084,237.231
,8.666848073,233.413
,8.672653061,229.498
,8.678458050,226.72
,8.684263039,224.132
,8.690068027,220.667
,8.695873016,218.253
,8.701678005,216.855
,8.707482993,216.172
,8.713287982,216.215
,8.719092971,216.396
,8.724897959,216.867
,8.730702948,217.662
,8.736507937,218.533
,8.742312925,219.477
,8.748117914,220.237
,8.753922902,221.593
,8.759727891,222.966
,8.765532880,224.206
,8.771337868,225.623
,8.777142857,226.92
,8.782947846,227.983
,8.788752834,229.412
,8.794557823,231.09
,8.800362812,232.448
,8.806167800,233.948
,8.811972789,235.141
,8.817777778,236.08
,8.823582766,237.083
,8.829387755,237.927
,8.835192744,238.607
,8.840997732,239.097
,8.846802721,239.368
,8.852607710,239.648
,8.858412698,239.818
,8.864217687,240.063
,8.870022676,240.341
,8.875827664,240.386
,8.881632653,240.455
,8.887437642,240.553
,8.893242630,240.787
,8.899047619,241.097
,8.904852608,241.437
,8.910657596,241.498
,8.916462585,241.523
,8.922267574,241.537
,8.928072562,241.506
,8.933877551,241.576
,8.939682540,241.374
,8.945487528,241.095
,8.951292517,240.462
,8.957097506,239.617
,8.962902494,238.34
,8.968707483,236.569
,8.974512472,234.532
,8.980317460,232.713
,8.986122449,231.12
,8.991927438,229.933
,8.997732426,229.302
,9.003537415,228.594
,9.009342404,228.077
,9.015147392,227.325
,9.020952381,226.477
,9.026757370,225.619
,9.032562358,224.983
,9.038367347,224.611
,9.044172336,224.267
,9.049977324,224.195
,9.055782313,224.152
,9.061587302,224.185
,9.067392290,224.297
,9.073197279,224.45
,9.079002268,224.489
,9.084807256,224.666
,9.090612245,224.617
,9.096417234,224.495
,9.102222222,224.439
,9.108027211,224.492
,9.113832200,224.607
,9.119637188,224.998
,9.125442177,225.721
,9.131247166,226.297
,9.137052154,227.166
,9.142857143,227.778
,9.148662132,228.136
,9.154467120,228.606
,9.160272109,229.11
,9.166077098,229.729
,9.171882086,230.496
,9.177687075,231.413
,9.183492063,232.254
,9.189297052,232.892
,9.195102041,233.454
,9.200907029,233.828
,9.206712018,234.185
,9.212517007,234.691
,9.218321995,235.542
,9.224126984,236.336
,9.229931973,237.148
,9.235736961,238.021
,9.241541950,238.659
,9.247346939,239.313
,9.253151927,240.057
,9.258956916,240.849
,9.264761905,241.656
,9.270566893,242.213
,9.276371882,242.548
,9.282176871,242.563
,9.287981859,242.328
,9.293786848,241.847
,9.299591837,241.239
,9.305396825,240.404
,9.311201814,239.481
,9.317006803,238.262
,9.322811791,236.973
,9.328616780,235.69
,9.334421769,234.612
,9.340226757,233.304
,9.346031746,231.873
,9.351836735,230.612
,9.357641723,229.184
,9.363446712,227.881
,9.369251701,226.913
,9.375056689,225.828
,9.380861678,225.005
,9.386666667,224.577
,9.392471655,224.373
,9.398276644,224.404
,9.404081633,224.328
,9.409886621,224.173
,9.415691610,223.719
,9.421496599,223.434
,9.427301587,223.222
,9.433106576,223.252
,9.438911565,223.612
,9.444716553,224.038
,9.450521542,224.837
,9.456326531,225.773
,9.462131519,226.473
,9.467936508,227.275
,9.473741497,228.186
,9.479546485,228.901
,9.485351474,229.678
,9.491156463,230.692
,9.496961451,231.804
,9.502766440,233.298
,9.508571429,234.985
,9.514376417,236.939
,9.520181406,239.076
,9.525986395,240.935
,9.531791383,242.727
,9.537596372,244.239
,9.543401361,245.891
,9.549206349,247.366
,9.555011338,248.747
,9.560816327,250.818
,9.566621315,253.204
,9.572426304,257.165
,9.578231293,261.459
,9.584036281,264.62
,9.589841270,264.556
,9.595646259,262.278
,9.601451247,257.573
,9.607256236,245.652
,9.613061224,240.931
,9.618866213,237.073
,9.624671202,-227.757
,9.630476190,-217.472
,9.636281179,-207.651
,9.642086168,-198.274
,9.647891156,-191.52
,9.653696145,185.711
,9.659501134,179.923
,9.665306122,177.297
,9.671111111,176.162
,9.676916100,175.739
,9.682721088,175.899
,9.688526077,176.689
,9.694331066,178.498
,9.700136054,181.534
,9.705941043,184.895
,9.711746032,186.805
,9.717551020,188.334
,9.723356009,190.143
,9.729160998,191.459
,9.734965986,192.374
,9.740770975,193.66
,9.746575964,192.853
,9.752380952,194.997
,9.758185941,197.158
,9.763990930,-195.996
,9.769795918,-195.996
,9.775600907,-195.996
,9.781405896,-195.996
,9.787210884,-195.996
,9.793015873,-195.996
,9.798820862,-195.996
,9.804625850,-195.996
,9.810430839,-195.996
,9.816235828,-195.996
,9.822040816,-195.996
,9.827845805,196.936
,9.833650794,199.837
,9.839455782,201.299
,9.845260771,201.602
,9.851065760,203.221
,9.856870748,204.287
,9.862675737,205.47
,9.868480726,206.266
,9.874285714,206.752
,9.880090703,207.039
,9.885895692,207.569
,9.891700680,208.341
,9.897505669,209.388
,9.903310658,210.009
,9.909115646,210.522
,9.914920635,210.78
,9.920725624,211.207
,9.926530612,211.634
,9.932335601,212.126
,9.938140590,212.795
,9.943945578,213.461
,9.949750567,213.902
,9.955555556,214.017
,9.961360544,214.044
,9.967165533,213.764
,9.972970522,213.587
,9.978775510,213.534
,9.984580499,213.404
,9.990385488,213.491
,9.996190476,213.36
,10.001995465,213.26
,10.007800454,212.994
,10.013605442,212.738
,10.019410431,212.461
,10.025215420,212.419
,10.031020408,212.632
,10.036825397,212.879
,10.042630385,213.335
,10.048435374,213.535
,10.054240363,213.54
,10.060045351,213.588
,10.065850340,213.417
,10.071655329,212.966
,10.077460317,212.437
,10.083265306,211.891
,10.089070295,211.223
,10.094875283,210.939
,10.100680272,210.982
,10.106485261,210.959
,10.112290249,210.952
,10.118095238,210.765
,10.123900227,210.836
,10.129705215,211.016
,10.135510204,211.481
,10.141315193,212.208
,10.147120181,213.397
,10.152925170,214.804
,10.158730159,216.851
,10.164535147,219.541
,10.170340136,221.705
,10.176145125,223.053
,10.181950113,223.875
,10.187755102,223.961
,10.193560091,223.89
,10.199365079,-222.555
,10.205170068,-219.999
,10.210975057,-219.999
,10.216780045,-217.472
,10.222585034,-214.974
,10.228390023,-212.505
,10.234195011,-210.064
,10.240000000,-210.064
,10.245804989,-210.064
,10.251609977,-207.651
,10.257414966,-207.651
,10.263219955,205.929
,10.269024943,206.348
,10.274829932,205.584
,10.280634921,205.355
,10.286439909,202.941
,10.292244898,201.261
,10.298049887,200.914
,10.303854875,200.634
,10.309659864,201.792
,10.315464853,202.773
,10.321269841,204.548
,10.327074830,207.304
,10.332879819,209.468
,10.338684807,210.936
,10.344489796,211.623
,10.350294785,212.313
,10.356099773,212.871
,10.361904762,213.518
,10.367709751,214.437
,10.373514739,215.028
,10.379319728,216.022
,10.385124717,216.992
,10.390929705,218.151
,10.396734694,220.059
,10.402539683,222.575
,10.408344671,224.364
,10.414149660,226.017
,10.419954649,227.81
,10.425759637,229.341
,10.431564626,230.853
,10.437369615,232.515
,10.443174603,233.791
,10.448979592,234.647
,10.454784580,235.453
,10.460589569,236.479
,10.466394558,237.977
,10.472199546,239.375
,10.478004535,240.88
,10.483809524,242.233
,10.489614512,243.316
,10.495419501,244.18
,10.501224490,244.816
,10.507029478,245.42
,10.512834467,245.886
,10.518639456,246.355
,10.524444444,246.742
,10.530249433,247.014
,10.536054422,247.221
,10.541859410,247.525
,10.547664399,247.93
,10.553469388,248.313
,10.559274376,248.694
,10.565079365,248.842
,10.570884354,248.738
,10.576689342,248.471
,10.582494331,248.183
,10.588299320,247.725
,10.594104308,247.273
,10.599909297,246.579
,10.605714286,245.706
,10.611519274,244.716
,10.617324263,243.447
,10.623129252,242.041
,10.628934240,240.492
,10.634739229,238.605
,10.640544218,235.934
,10.646349206,232.985
,10.652154195,229.598
,10.657959184,226.265
,10.663764172,223.801
,10.669569161,221.653
,10.675374150,220.333
,10.681179138,219.357
,10.686984127,218.456
,10.692789116,217.924
,10.698594104,217.669
,10.704399093,217.52
,10.710204082,217.509
,10.716009070,217.267
,10.721814059,217.038
,10.727619048,216.777
,10.733424036,216.426
,10.739229025,216.317
,10.745034014,216.324
,10.750839002,216.414
,10.756643991,216.608
,10.762448980,216.833
,10.768253968,217.177
,10.774058957,217.526
,10.779863946,218.104
,10.785668934,218.466
,10.791473923,218.491
,10.797278912,218.577
,10.803083900,218.448
,10.808888889,218.127
,10.814693878,217.668
,10.820498866,216.942
,10.826303855,216.151
,10.832108844,215.398
,10.837913832,214.814
,10.843718821,214.47
,10.849523810,214.588
,10.855328798,215.102
,10.861133787,215.807
,10.866938776,216.217
,10.872743764,216.231
,10.878548753,215.837
,10.884353741,215.346
,10.890158730,214.736
,10.895963719,214.271
,10.901768707,214.151
,10.907573696,214.133
,10.913378685,214.399
,10.919183673,214.731
,10.924988662,214.879
,10.930793651,214.849
,10.936598639,214.61
,10.942403628,214.329
,10.948208617,214.097
,10.954013605,214.046
,10.959818594,214.153
,10.965623583,214.511
,10.971428571,214.825
,10.977233560,214.977
,10.983038549,214.973
,10.988843537,214.607
,10.994648526,214.267
,11.000453515,213.985
,11.006258503,213.57
,11.012063492,213.269
,11.017868481,213.715
,11.023673469,212.217
,11.029478458,-212.505
,11.035283447,-212.505
,11.041088435,-214.974
,11.046893424,-214.974
,11.052698413,-214.974
,11.058503401,-214.974
,11.064308390,-217.472
,11.070113379,-219.999
,11.075918367,-222.555
,11.081723356,-225.141
,11.087528345,-227.757
,11.093333333,-227.757
,11.099138322,-227.757
,11.104943311,-227.757
,11.110748299,-227.757
,11.116553288,-227.757
,11.122358277,-230.403
,11.128163265,-230.403
,11.133968254,-230.403
,11.139773243,-230.403
,11.145578231,-230.403
,11.151383220,-230.403
,11.157188209,-230.403
,11.162993197,-230.403
,11.168798186,-230.403
,11.174603175,-230.403
,11.180408163,-230.403
,11.186213152,-230.403
,11.192018141,-230.403
,11.197823129,-230.403
,11.203628118,-230.403
,11.209433107,-230.403
,11.215238095,-230.403
,11.221043084,-230.403
,11.226848073,-230.403
,11.232653061,-230.403
,11.238458050,-230.403
,11.244263039,-230.403
,11.250068027,-230.403
,11.255873016,-230.403
,11.261678005,-230.403
,11.267482993,-233.08
,11.273287982,-235.789
,11.279092971,238.927
,11.284897959,239.445
,11.290702948,240.989
,11.296507937,241.502
,11.302312925,241.935
,11.308117914,242.333
,11.313922902,242.898
,11.319727891,243.972
,11.325532880,245.166
,11.331337868,246.334
,11.337142857,247.661
,11.342947846,248.727
,11.348752834,249.166
,11.354557823,249.171
,11.360362812,248.81
,11.366167800,248.058
,11.371972789,247.843
,11.377777778,247.527
,11.383582766,247.076
,11.389387755,247.025
,11.395192744,246.349
,11.400997732,245.686
,11.406802721,245.431
,11.412607710,244.595
,11.418412698,244.531
,11.424217687,244.054
,11.430022676,243.212
,11.435827664,242.519
,11.441632653,241.504
,11.447437642,240.719
,11.453242630,240.15
,11.459047619,239.196
,11.464852608,238.276
,11.470657596,237.293
,11.476462585,235.937
,11.482267574,234.987
,11.488072562,233.71
,11.493877551,232.757
,11.499682540,231.898
,11.505487528,230.317
,11.511292517,229.958
,11.517097506,228.85
,11.522902494,227.966
,11.528707483,227.377
,11.534512472,225.741
,11.540317460,225.489
,11.546122449,224.707
,11.551927438,224.234
,11.557732426,224.204
,11.563537415,225.229
,11.569342404,225.734
,11.575147392,228.041
,11.580952381,229.201
,11.586757370,229.87
,11.592562358,230.307
,11.598367347,229.834
,11.604172336,230.263
,11.609977324,231.326
,11.615782313,232.71
,11.621587302,234.939
,11.627392290,236.797
,11.633197279,238.042
,11.639002268,238.881
,11.644807256,239.375
,11.650612245,239.669
,11.656417234,240.047
,11.662222222,240.473
,11.668027211,240.911
,11.673832200,241.208
,11.679637188,241.457
,11.685442177,241.767
,11.691247166,242.33
,11.697052154,243.238
,11.702857143,244.4
,11.708662132,245.755
,11.714467120,247.206
,11.720272109,248.663
,11.726077098,249.958
,11.731882086,251.107
,11.737687075,251.726
,11.743492063,252.065
,11.749297052,252.234
,11.755102041,252.366
,11.760907029,252.627
,11.766712018,252.949
,11.772517007,253.186
,11.778321995,253.183
,11.784126984,252.948
,11.789931973,252.657
,11.795736961,252.196
,11.801541950,251.662
,11.807346939,251.044
,11.813151927,250.451
,11.818956916,249.686
,11.824761905,248.907
,11.830566893,247.715
,11.836371882,246.299
,11.842176871,245.092
,11.847981859,243.749
,11.853786848,242.693
,11.859591837,241.645
,11.865396825,240.767
,11.871201814,240.155
,11.877006803,239.643
,11.882811791,239.106
,11.888616780,238.443
,11.894421769,237.639
,11.900226757,236.681
,11.906031746,235.965
,11.911836735,235.053
,11.917641723,233.824
,11.923446712,233.283
,11.929251701,231.781
,11.935056689,230.378
,11.940861678,228.768
,11.946666667,226.436
,11.952471655,224.457
,11.958276644,222.914
,11.964081633,221.628
,11.969886621,221.349
,11.975691610,222.296
,11.981496599,224.177
,11.987301587,225.941
,11.993106576,226.722
,11.998911565,227.376
,12.004716553,228.117
,12.010521542,228.904
,12.016326531,229.896
,12.022131519,231.413
,12.027936508,233.154
,12.033741497,234.946
,12.039546485,236.381
,12.045351474,237.815
,12.051156463,239.026
,12.056961451,239.766
,12.062766440,240.284
,12.068571429,240.826
,12.074376417,241.423
,12.080181406,241.985
,12.085986395,242.341
,12.091791383,242.426
,12.097596372,242.522
,12.103401361,242.824
,12.109206349,243.599
,12.115011338,244.728
,12.120816327,245.907
,12.126621315,246.919
,12.132426304,247.603
,12.138231293,248.173
,12.144036281,248.877
,12.149841270,249.797
,12.155646259,250.913
,12.161451247,251.941
,12.167256236,252.498
,12.173061224,252.879
,12.178866213,252.988
,12.184671202,252.841
,12.190476190,252.688
,12.196281179,252.202
,12.202086168,251.613
,12.207891156,250.715
,12.213696145,249.849
,12.219501134,248.771
,12.225306122,247.789
,12.231111111,246.88
,12.236916100,246.182
,12.242721088,245.675
,12.248526077,245.196
,12.254331066,244.734
,12.260136054,244.114
,12.265941043,243.489
,12.271746032,243.056
,12.277551020,242.977
,12.283356009,243.17
,12.289160998,243.108
,12.294965986,243.044
,12.300770975,242.397
,12.306575964,241.778
,12.312380952,241.613
,12.318185941,240.613
,12.323990930,240.674
,12.329795918,240.65
,12.335600907,240.006
,12.341405896,239.898
,12.347210884,239.537
,12.353015873,237.8
,12.358820862,236.792
,12.364625850,235.904
,12.370430839,234.318
,12.376235828,233.343
,12.382040816,232.2
,12.387845805,230.993
,12.393650794,230.022
,12.399455782,229.674
,12.405260771,229.671
,12.411065760,229.833
,12.416870748,229.968
,12.422675737,229.896
,12.428480726,229.547
,12.434285714,229.211
,12.440090703,229.158
,12.445895692,229.682
,12.451700680,231.297
,12.457505669,233.654
,12.463310658,235.952
,12.469115646,237.999
,12.474920635,239.681
,12.480725624,241.494
,12.486530612,243.109
,12.492335601,244.823
,12.498140590,246.212
,12.503945578,247.451
,12.509750567,248.215
,12.515555556,248.717
,12.521360544,249.484
,12.527165533,250.35
,12.532970522,251.682
,12.538775510,253.156
,12.544580499,254.715
,12.550385488,255.988
,12.556190476,257.042
,12.561995465,257.74
,12.567800454,258.552
,12.573605442,259.095
,12.579410431,259.642
,12.585215420,259.93
,12.591020408,259.767
,12.596825397,259.248
,12.602630385,258.21
,12.608435374,257.204
,12.614240363,256.065
,12.620045351,255.414
,12.625850340,255.098
,12.631655329,255.001
,12.637460317,255.081
,12.643265306,254.948
,12.649070295,254.725
,12.654875283,254.306
,12.660680272,253.672
,12.666485261,252.521
,12.672290249,251.2
,12.678095238,249.235
,12.683900227,247.557
,12.689705215,246.015
,12.695510204,244.925
,12.701315193,243.886
,12.707120181,242.75
,12.712925170,241.588
,12.718730159,240.198
,12.724535147,238.91
,12.730340136,237.632
,12.736145125,236.548
,12.741950113,235.485
,12.747755102,234.328
,12.753560091,233.12
,12.759365079,231.849
,12.765170068,230.624
,12.770975057,229.522
,12.776780045,229.096
,12.782585034,228.988
,12.788390023,228.966
,12.794195011,228.907
,12.800000000,228.609
,12.805804989,228.426
,12.811609977,228.194
,12.817414966,228.112
,12.823219955,228.035
,12.829024943,227.862
,12.834829932,228.048
,12.840634921,228.684
,12.846439909,229.862
,12.852244898,231.611
,12.858049887,234.274
,12.863854875,236.617
,12.869659864,239.022
,12.875464853,241.188
,12.881269841,243.226
,12.887074830,244.624
,12.892879819,245.766
,12.898684807,247.081
,12.904489796,248.272
,12.910294785,250.234
,12.916099773,251.892
,12.921904762,253.85
,12.927709751,255.175
,12.933514739,256.033
,12.939319728,256.53
,12.945124717,256.337
,12.950929705,256.054
,12.956734694,255.299
,12.962539683,254.359
,12.968344671,253.531
,12.974149660,252.222
,12.979954649,251.301
,12.985759637,250.432
,12.991564626,250.334
,12.997369615,251.083
,13.003174603,252.052
,13.008979592,253.439
,13.014784580,254.388
,13.020589569,254.916
,13.026394558,254.925
,13.032199546,254.362
,13.038004535,253.579
,13.043809524,252.588
,13.049614512,251.714
,13.055419501,251.026
,13.061224490,249.996
,13.067029478,249.225
,13.072834467,248.242
,13.078639456,247.72
,13.084444444,246.934
,13.090249433,246.144
,13.096054422,245.828
,13.101859410,244.094
,13.107664399,243.873
,13.113469388,242.242
,13.119274376,240.489
,13.125079365,239.919
,13.130884354,238.991
,13.136689342,238.908
,13.142494331,239.13
,13.148299320,238.808
,13.154104308,238.244
,13.159909297,238.159
,13.165714286,237.28
,13.171519274,236.441
,13.177324263,235.44
,13.183129252,234.522
,13.188934240,232.672
,13.194739229,231.243
,13.200544218,229.875
,13.206349206,228.543
,13.212154195,228.798
,13.217959184,229.802
,13.223764172,228.453
,13.229569161,227.631
,13.235374150,227.691
,13.241179138,224.748
,13.246984127,226.126
,13.252789116,226.105
,13.258594104,223.887
,13.264399093,226.159
,13.270204082,227.251
,13.276009070,227.454
,13.281814059,231.417
,13.287619048,233.075
,13.293424036,234.062
,13.299229025,236.664
,13.305034014,237.997
,13.310839002,239.953
,13.316643991,243.051
,13.322448980,246.955
,13.328253968,251.054
,13.334058957,254.201
,13.339863946,257.266
,13.345668934,260.168
,13.351473923,264.332
,13.357278912,267.336
,13.363083900,268.521
,13.368888889,268.473
,13.374693878,269.055
,13.380498866,270.889
,13.386303855,273.702
,13.392108844,275.237
,13.397913832,275.466
,13.403718821,275.839
,13.409523810,275.473
,13.415328798,275.166
,13.421133787,275.062
,13.426938776,275.013
,13.432743764,275.126
,13.438548753,274.763
,13.444353741,274.053
,13.450158730,272.498
,13.455963719,270.577
,13.461768707,267.036
,13.467573696,263.226
,13.473378685,257.158
,13.479183673,251.464
,13.484988662,246.169
,13.490793651,242.166
,13.496598639,236.916
,13.502403628,-227.757
,13.508208617,-217.472
,13.514013605,-207.651
,13.519818594,-198.274
,13.525623583,-189.32
,13.531428571,-180.771
,13.537233560,-172.607
,13.543038549,-164.813
,13.548843537,-157.37
,13.554648526,-150.263
,13.560453515,-143.478
,13.566258503,-136.999
,13.572063492,-130.812
,13.577868481,-124.905
,13.583673469,-119.264
,13.589478458,-113.878
,13.595283447,-108.736
,13.601088435,-103.825
,13.606893424,-99.1369
,13.612698413,-94.66
,13.618503401,-90.3853
,13.624308390,-87.3065
,13.630113379,-83.3639
,13.635918367,-79.5993
,13.641723356,-76.8878
,13.647528345,-73.4157
,13.653333333,-70.1004
,13.659138322,-66.9347
,13.664943311,-63.9121
,13.670748299,-61.735
,13.676553288,-61.735
,13.682358277,-61.735
,13.688163265,-61.735
,13.693968254,-61.735
,13.699773243,-61.735
,13.705578231,-61.735
,13.711383220,-61.735
,13.717188209,-61.735
,13.722993197,-61.735
,13.728798186,-61.735
,13.734603175,-61.735
,13.740408163,-61.735
,13.746213152,-61.735
,13.752018141,-61.735
,13.757823129,-61.735
,13.763628118,-61.735
,13.769433107,-61.735
,13.775238095,-61.735
,13.781043084,-61.735
,13.786848073,-61.735
,13.792653061,-61.735
,13.798458050,-61.735
,13.804263039,-61.735
,13.810068027,-61.735
,13.815873016,-61.735
,13.821678005,-61.735
,13.827482993,-61.735
,13.833287982,-61.735
,13.839092971,-61.735
,13.844897959,-61.735
,13.850702948,-61.735
,13.856507937,-61.735
,13.862312925,-61.735
,13.868117914,-61.735
,13.873922902,-61.735
,13.879727891,-61.735
,13.885532880,-61.735
,13.891337868,-61.735
,13.897142857,-61.735
,13.902947846,-61.735
,13.908752834,-61.735
,13.914557823,-61.735
,13.920362812,-61.735
,13.926167800,-61.735
,13.931972789,-61.735
,13.937777778,-61.735
,13.943582766,-61.735
,13.949387755,-61.735
,13.955192744,-61.735
,13.960997732,-61.735
,13.966802721,-61.735
,13.972607710,-61.735
,13.978412698,-61.735
,13.984217687,-61.735
,13.990022676,-61.735
,13.995827664,-61.735
,14.001632653,-61.735
,14.007437642,-61.735
,14.013242630,-61.735
,14.019047619,-61.735
