frame,time,pitch,freq,noteStr
2,0.0116099773243,-100.0,-100.0,null
3,0.0174149659864,-100.0,-100.0,null
4,0.0232199546485,-100.0,-100.0,null
5,0.0290249433107,-100.0,-100.0,null
6,0.0348299319728,-100.0,-100.0,null
7,0.0406349206349,-100.0,-100.0,null
8,0.0464399092971,-100.0,-100.0,null
9,0.0522448979592,-100.0,-100.0,null
10,0.0580498866213,-100.0,-100.0,null
11,0.0638548752834,-100.0,-100.0,null
12,0.0696598639456,-100.0,-100.0,null
13,0.0754648526077,-100.0,-100.0,null
14,0.0812698412698,-100.0,-100.0,null
15,0.087074829932,-100.0,-100.0,null
16,0.0928798185941,-100.0,-100.0,null
17,0.0986848072562,-100.0,-100.0,null
18,0.104489795918,-100.0,-100.0,null
19,0.11029478458,-100.0,-100.0,null
20,0.116099773243,-100.0,-100.0,null
21,0.121904761905,-100.0,-100.0,null
22,0.127709750567,-100.0,-100.0,null
23,0.133514739229,-100.0,-100.0,null
24,0.139319727891,-100.0,-100.0,null
25,0.145124716553,-100.0,-100.0,null
26,0.150929705215,-100.0,-100.0,null
27,0.156734693878,-100.0,-100.0,null
28,0.16253968254,-100.0,-100.0,null
29,0.168344671202,-100.0,-100.0,null
30,0.174149659864,-100.0,-100.0,null
31,0.179954648526,-100.0,-100.0,null
32,0.185759637188,-100.0,-100.0,null
33,0.19156462585,-100.0,-100.0,null
34,0.197369614512,-100.0,-100.0,null
35,0.203174603175,-100.0,-100.0,null
36,0.208979591837,-100.0,-100.0,null
37,0.214784580499,-100.0,-100.0,null
38,0.220589569161,-100.0,-100.0,null
39,0.226394557823,-100.0,-100.0,null
40,0.232199546485,-100.0,-100.0,null
41,0.238004535147,-100.0,-100.0,null
42,0.24380952381,-100.0,-100.0,null
43,0.249614512472,-100.0,-100.0,null
44,0.255419501134,-100.0,-100.0,null
45,0.261224489796,-100.0,-100.0,null
46,0.267029478458,-100.0,-100.0,null
47,0.27283446712,-100.0,-100.0,null
48,0.278639455782,-100.0,-100.0,null
49,0.284444444444,-100.0,-100.0,null
50,0.290249433107,-100.0,-100.0,null
51,0.296054421769,-100.0,-100.0,null
52,0.301859410431,-100.0,-100.0,null
53,0.307664399093,-100.0,-100.0,null
54,0.313469387755,-100.0,-100.0,null
55,0.319274376417,-100.0,-100.0,null
56,0.325079365079,-100.0,-100.0,null
57,0.330884353741,-100.0,-100.0,null
58,0.336689342404,-100.0,-100.0,null
59,0.342494331066,-100.0,-100.0,null
60,0.348299319728,-100.0,-100.0,null
61,0.35410430839,-100.0,-100.0,null
62,0.359909297052,-100.0,-100.0,null
63,0.365714285714,-100.0,-100.0,null
64,0.371519274376,-100.0,-100.0,null
65,0.377324263039,67.4797959242,403.011177042,G4+48.0c
66,0.383129251701,67.3857154155,400.82703211,G4+38.6c
67,0.388934240363,67.2995014252,398.835909345,G4+29.9c
68,0.394739229025,67.2208046109,397.027032884,G4+22.1c
69,0.400544217687,67.1492756299,395.390029949,G4+14.9c
70,0.406349206349,67.0845651397,393.914890039,G4+8.5c
71,0.412154195011,67.0263237979,392.591927115,G4+2.6c
72,0.417959183673,66.9742022618,391.41174455,G4-2.6c
73,0.423764172336,66.9278511889,390.365202674,G4-7.2c
74,0.429569160998,66.8869212368,389.443388738,G4-11.3c
75,0.43537414966,66.8510630629,388.637589167,G4-14.9c
76,0.441179138322,66.8199273246,387.939263971,G4-18.0c
77,0.446984126984,66.7931646794,387.340023205,G4-20.7c
78,0.452789115646,66.7704257848,386.831605394,G4-23.0c
79,0.458594104308,66.7513612983,386.405857827,G4-24.9c
80,0.464399092971,66.7356218774,386.054718668,G4-26.4c
81,0.470204081633,66.7228581794,385.770200821,G4-27.7c
82,0.476009070295,66.7127208619,385.544377497,G4-28.7c
83,0.481814058957,66.7048605824,385.36936946,G4-29.5c
84,0.487619047619,66.6989279983,385.237333903,G4-30.1c
85,0.493424036281,66.694573767,385.140454945,G4-30.5c
86,0.499229024943,66.6914485462,385.070935729,G4-30.9c
87,0.505034013605,66.6892029931,385.020992099,G4-31.1c
88,0.510839002268,66.6905896253,385.051831596,G4-30.9c
89,0.51664399093,66.670330214,384.601496139,G4-33.0c
90,0.522448979592,66.661473836,384.404798001,G4-33.9c
91,0.528253968254,66.6545910458,384.25200227,G4-34.5c
92,0.534058956916,66.6402523978,383.933883919,G4-36.0c
93,0.539863945578,66.6090284465,383.242057826,G4-39.1c
94,0.54566893424,66.5514897463,381.970442007,G4-44.9c
95,0.551473922902,66.4582068517,379.917831858,F#4+45.8c
96,0.557278911565,66.3197503172,376.891532686,F#4+32.0c
97,0.563083900227,66.1266906972,372.711951532,F#4+12.7c
98,0.568888888889,65.8695985462,367.217989454,F#4-13.0c
99,0.574693877551,65.5390444186,360.273005732,F#4-46.1c
100,0.580498866213,65.344833374,356.254022759,F4+34.5c
101,0.586303854875,65.1445846558,352.157036993,F4+14.5c
102,0.592108843537,64.9300003052,347.819033486,F4-7.0c
103,0.5979138322,64.7799758911,344.817942839,F4-22.0c
104,0.603718820862,64.6666412354,342.567976453,F4-33.3c
105,0.609523809524,64.5523529053,340.313944107,F4-44.8c
106,0.615328798186,64.4817581177,338.929066377,E4+48.2c
107,0.621133786848,64.3101501465,335.586040019,E4+31.0c
108,0.62693877551,64.1271820068,332.058023249,E4+12.7c
109,0.632743764172,64.1566619873,332.623943456,E4+15.7c
110,0.638548752834,64.0953445435,331.447928372,E4+9.5c
111,0.644353741497,64.0062179565,329.745968282,E4+0.6c
112,0.650158730159,64.0648193359,330.8640326,E4+6.5c
113,0.655963718821,64.0453414917,330.491991966,E4+4.5c
114,0.661768707483,64.0887680054,331.322043258,E4+8.9c
115,0.667573696145,64.1639480591,332.763961034,E4+16.4c
116,0.673378684807,64.1734695435,332.947025727,E4+17.3c
117,0.679183673469,64.2388076782,334.205968171,E4+23.9c
118,0.684988662132,64.2618484497,334.651054714,E4+26.2c
119,0.690793650794,64.2709960938,334.827927254,E4+27.1c
120,0.696598639456,64.3113861084,335.609999019,E4+31.1c
121,0.702403628118,64.3912582397,337.161944979,E4+39.1c
122,0.70820861678,64.4069671631,337.468018836,E4+40.7c
123,0.714013605442,64.4672927856,338.645992357,E4+46.7c
124,0.719818594104,64.4890060425,339.070990959,E4+48.9c
125,0.725623582766,64.5193557739,339.66592721,F4-48.1c
126,0.731428571429,64.5772171021,340.80305834,F4-42.3c
127,0.737233560091,64.6232757568,341.710955768,F4-37.7c
128,0.743038548753,64.6960296631,343.149993893,F4-30.4c
129,0.748843537415,64.7820892334,344.86003783,F4-21.8c
130,0.754648526077,64.8323669434,345.863020332,F4-16.8c
131,0.760453514739,64.8613204956,346.441933478,F4-13.9c
132,0.766258503401,64.887588501,346.967988637,F4-11.2c
133,0.772063492063,64.8876419067,346.969058979,F4-11.2c
134,0.777868480726,64.8935241699,347.086969673,F4-10.7c
135,0.783673469388,64.882598877,346.868002713,F4-11.7c
136,0.78947845805,64.8533782959,346.283036419,F4-14.7c
137,0.795283446712,64.8067169189,345.350967891,F4-19.3c
138,0.801088435374,64.765411377,344.52797662,F4-23.5c
139,0.806893424036,64.7178649902,343.583067604,F4-28.2c
140,0.812698412698,64.6527862549,342.29393067,F4-34.7c
141,0.818503401361,64.5867614746,340.990996427,F4-41.3c
142,0.824308390023,64.5371856689,340.015927693,F4-46.3c
143,0.830113378685,64.5147171021,339.574929247,F4-48.5c
144,0.835918367347,64.4872741699,339.037073051,E4+48.7c
145,0.841723356009,64.4418182373,338.148052188,E4+44.2c
146,0.847528344671,64.3762130737,336.869064077,E4+37.6c
147,0.853333333333,64.2686767578,334.783073328,E4+26.9c
148,0.859138321995,64.1896820068,333.258966203,E4+19.0c
149,0.864943310658,64.1237411499,331.992032713,E4+12.4c
150,0.87074829932,64.0618896484,330.808046744,E4+6.2c
151,0.876553287982,64.0027542114,329.680001364,E4+0.3c
152,0.882358276644,63.9031143188,327.788002404,E4-9.7c
153,0.888163265306,63.779296875,325.452033827,E4-22.1c
154,0.893968253968,63.7396736145,324.708013985,E4-26.0c
155,0.89977324263,63.7650871277,325.185016564,E4-23.5c
156,0.905578231293,63.7261238098,324.453975031,E4-27.4c
157,0.911383219955,63.7277793884,324.485004039,E4-27.2c
158,0.917188208617,63.7058906555,324.075003009,E4-29.4c
159,0.922993197279,63.6532974243,323.091988117,E4-34.7c
160,0.928798185941,63.7203598022,324.345968614,E4-28.0c
161,0.934603174603,63.7608795166,325.105992828,E4-23.9c
162,0.940408163265,63.8261489868,326.333992369,E4-17.4c
163,0.946213151927,63.9179496765,328.069012149,E4-8.2c
164,0.95201814059,63.9776344299,329.201990642,E4-2.2c
165,0.957823129252,64.0342330933,330.280001036,E4+3.4c
166,0.963628117914,64.0946655273,331.434928739,E4+9.5c
167,0.969433106576,64.1399459839,332.302932006,E4+14.0c
168,0.975238095238,64.1946182251,333.354000929,E4+19.5c
169,0.9810430839,64.2617416382,334.648990031,E4+26.2c
170,0.986848072562,64.3682937622,336.715002817,E4+36.8c
171,0.992653061224,64.4902801514,339.095945947,E4+49.0c
172,0.998458049887,64.5983352661,341.219034813,F4-40.2c
173,1.00426303855,64.6300125122,341.843951712,F4-37.0c
174,1.01006802721,64.5961532593,341.176031075,F4-40.4c
175,1.01587301587,64.5570373535,340.406040191,F4-44.3c
176,1.02167800454,64.5197143555,339.672962608,F4-48.0c
177,1.0274829932,64.4943695068,339.176053409,E4+49.4c
178,1.03328798186,64.4842605591,338.978060991,E4+48.4c
179,1.03909297052,64.5011062622,339.308062754,F4-49.9c
180,1.04489795918,64.5253753662,339.784051383,F4-47.5c
181,1.05070294785,64.5340805054,339.954947469,F4-46.6c
182,1.05650793651,64.5116119385,339.514028115,F4-48.8c
183,1.06231292517,64.4499053955,338.306049059,E4+45.0c
184,1.06811791383,64.3651046753,336.652982635,E4+36.5c
185,1.07392290249,64.2744140625,334.894038729,E4+27.4c
186,1.07972789116,64.1769485474,333.013939869,E4+17.7c
187,1.08553287982,64.0955581665,331.452018249,E4+9.6c
188,1.09133786848,64.0189208984,329.988008404,E4+1.9c
189,1.09714285714,63.9520568848,328.715981151,E4-4.8c
190,1.1029478458,63.9130401611,327.975989978,E4-8.7c
191,1.10875283447,63.8666890338,327.099059187,E4-13.3c
192,1.11455782313,63.825050466,326.313286139,E4-17.5c
193,1.12036281179,63.8752003436,327.259911263,E4-12.5c
194,1.12616780045,63.9870636733,329.381340811,E4-1.3c
195,1.13197278912,64.1305654619,332.122925692,E4+13.1c
196,1.13777777778,64.2756307162,334.917574795,E4+27.6c
197,1.14358276644,64.3921844429,337.179983488,E4+39.2c
198,1.1493877551,64.4501516489,338.31086121,E4+45.0c
199,1.15519274376,64.4194573409,337.711576686,E4+41.9c
200,1.16099773243,64.2700265258,334.809175927,E4+27.0c
201,1.16680272109,64.2950550261,335.293560568,E4+29.5c
202,1.17260770975,64.2795555478,334.993511616,E4+28.0c
203,1.17841269841,64.2734046209,334.87451242,E4+27.3c
204,1.18421768707,64.2642222813,334.696944506,E4+26.4c
205,1.19002267574,64.2396285647,334.221815345,E4+24.0c
206,1.1958276644,64.187243507,333.212028893,E4+18.7c
207,1.20163265306,64.094687144,331.435342577,E4+9.5c
208,1.20743764172,64.0474677313,330.5325843,E4+4.7c
209,1.21324263039,64.1239694868,331.99641147,E4+12.4c
210,1.21904761905,64.1983925956,333.426685421,E4+19.8c
211,1.22485260771,64.2612308321,334.639116252,E4+26.1c
212,1.23065759637,64.3029779707,335.447041852,E4+30.3c
213,1.23646258503,64.3141277858,335.663152272,E4+31.4c
214,1.2422675737,64.2851740519,335.102247224,E4+28.5c
215,1.24807256236,64.2876608573,335.150385944,E4+28.8c
216,1.25387755102,64.430192558,337.921053352,E4+43.0c
217,1.25968253968,64.4741293761,338.779749035,E4+47.4c
218,1.26548752834,64.4371577269,338.057034431,E4+43.7c
219,1.27129251701,64.3369640262,336.106208611,E4+33.7c
220,1.27709750567,64.1912346894,333.288856361,E4+19.1c
221,1.28290249433,64.0176561322,329.963901758,E4+1.8c
222,1.28870748299,63.83391477,326.480408592,E4-16.6c
223,1.29451247166,63.6576970185,323.174106089,E4-34.2c
224,1.30031746032,63.5066892933,320.367462692,E4-49.3c
225,1.30612244898,63.3985780099,318.373080836,D#4+39.9c
226,1.31192743764,63.3510495839,317.500234128,D#4+35.1c
227,1.3177324263,-100.0,-100.0,null
228,1.32353741497,-100.0,-100.0,null
229,1.32934240363,-100.0,-100.0,null
230,1.33514739229,-100.0,-100.0,null
231,1.34095238095,-100.0,-100.0,null
232,1.34675736961,60.770246666,273.528421327,C#4-23.0c
233,1.35256235828,61.1096376279,278.943575847,C#4+11.0c
234,1.35836734694,61.4274766865,284.112028863,C#4+42.7c
235,1.3641723356,61.7246329407,289.030739215,D4-27.5c
236,1.36997732426,62.0019754893,293.698279545,D4+0.2c
237,1.37578231293,62.2603734312,298.114795084,D4+26.0c
238,1.38158730159,62.5006958653,302.281952347,D#4-49.9c
239,1.38739229025,62.7238118906,306.202879098,D#4-27.6c
240,1.39319727891,62.9305906058,309.882096978,D#4-6.9c
241,1.39900226757,63.1219011098,313.325448165,D#4+12.2c
242,1.40480725624,63.2986125016,316.540017471,D#4+29.9c
243,1.4106122449,63.4615938801,319.534051204,D#4+46.2c
244,1.41641723356,63.6117143441,322.316874099,E4-38.8c
245,1.42222222222,63.7498429924,324.89880555,E4-25.0c
246,1.42802721088,63.8768489241,327.291076316,E4-12.3c
247,1.43383219955,63.993601238,329.505746777,E4-0.6c
248,1.43963718821,64.1009690329,331.555627746,E4+10.1c
249,1.44544217687,64.1998214078,333.454204738,E4+20.0c
250,1.45124716553,64.2910274616,335.215566527,E4+29.1c
251,1.4570521542,64.375456293,336.854338718,E4+37.5c
252,1.46285714286,64.4539770011,338.385622979,E4+45.4c
253,1.46866213152,64.5274586847,339.824942503,F4-47.3c
254,1.47446712018,64.5967704427,341.188194187,F4-40.3c
255,1.48027210884,64.6627813739,342.49160795,F4-33.7c
256,1.48607709751,64.7263605773,343.751713558,F4-27.4c
257,1.49188208617,64.7883771518,344.985315265,F4-21.2c
258,1.49768707483,64.8497001961,346.209474542,F4-15.0c
259,1.50349206349,64.9111988093,347.441501148,F4-8.9c
260,1.50929705215,64.9737420902,348.698952751,F4-2.6c
261,1.51510204082,65.0381991377,349.999643336,F4+3.8c
262,1.52090702948,65.1054390507,351.361660615,F4+10.5c
263,1.52671201814,65.176330928,352.80339268,F4+17.6c
264,1.5325170068,65.2517438686,354.343564188,F4+25.2c
265,1.53832199546,65.3325469714,356.001282376,F4+33.3c
266,1.54412698413,65.4196093351,357.796093304,F4+42.0c
267,1.54993197279,65.5138000587,359.748048769,F#4-48.6c
268,1.55573696145,65.6159882412,361.877784441,F#4-38.4c
269,1.56154195011,65.7270429813,364.20660986,F#4-27.3c
270,1.56734693878,65.847833378,366.756611095,F#4-15.2c
271,1.57315192744,65.9792285302,369.550766963,F#4-2.1c
272,1.5789569161,66.1220975367,372.613079935,F#4+12.2c
273,1.58476190476,66.2773094964,375.968722993,F#4+27.7c
274,1.59056689342,66.4457335082,379.644203986,F#4+44.6c
275,1.59637188209,66.628238671,383.667549234,G4-37.2c
276,1.60217687075,66.3421054915,377.378521611,F#4+34.2c
277,1.60798185941,66.4083043405,378.824302312,F#4+40.8c
278,1.61378684807,66.4143568104,378.956764098,F#4+41.4c
279,1.61959183673,66.3684350812,377.95289694,F#4+36.8c
280,1.6253968254,66.2787113327,375.999167633,F#4+27.9c
281,1.63120181406,66.153357745,373.286500433,F#4+15.3c
282,1.63700680272,66.0005464977,370.00610249,F#4+0.1c
283,1.64281179138,65.8284497709,366.346205133,F#4-17.2c
284,1.64861678005,65.6452397444,362.489741963,F#4-35.5c
285,1.65442176871,65.4590885981,358.612946712,F4+45.9c
286,1.66022675737,65.278168512,354.884828487,F4+27.8c
287,1.66603174603,65.1106516658,351.467468888,F4+11.1c
288,1.67183673469,64.9647102395,348.517083898,F4-3.5c
289,1.67764172336,64.8485164131,346.185802243,F4-15.2c
290,1.68344671202,64.7702423663,344.624130183,F4-23.0c
291,1.68925170068,64.738060279,343.984099918,F4-26.2c
292,1.69505668934,64.7601423313,344.423134792,F4-24.0c
293,1.700861678,64.7509170426,344.239649698,F4-24.9c
294,1.70666666667,64.7461210344,344.144298783,F4-25.4c
295,1.71247165533,64.7835730208,344.889595989,F4-21.6c
296,1.71827664399,64.8514109471,346.243687563,F4-14.9c
297,1.72408163265,64.9377727589,347.975223475,F4-6.2c
298,1.72988662132,65.0307964014,349.850015895,F4+3.1c
299,1.73569160998,65.1186198201,351.629272061,F4+11.9c
300,1.74149659864,65.1893809605,353.069435938,F4+18.9c
301,1.7473015873,65.231217768,353.923691345,F4+23.1c
302,1.75310657596,65.232268188,353.945166189,F4+23.2c
303,1.75891156463,65.2239046361,353.774217387,F4+22.4c
304,1.76471655329,65.1741482085,352.758914447,F4+17.4c
305,1.77052154195,65.1305825499,351.872329873,F4+13.1c
306,1.77632653061,65.0927290567,351.103800292,F4+9.3c
307,1.78213151927,65.0601091252,350.442872971,F4+6.0c
308,1.78793650794,65.0322441518,349.879273445,F4+3.2c
309,1.7937414966,65.0086555328,349.402876344,F4+0.9c
310,1.79954648526,64.9888646646,349.003679292,F4-1.1c
311,1.80535147392,64.9723929435,348.67177978,F4-2.8c
312,1.81115646259,64.9587617659,348.397354936,F4-4.1c
313,1.81696145125,64.9474925281,348.170644107,F4-5.3c
314,1.82276643991,64.9381066265,347.981934226,F4-6.2c
315,1.82857142857,64.9301254575,347.821547907,F4-7.0c
316,1.83437641723,64.9230704173,347.679834252,F4-7.7c
317,1.8401814059,64.9164629024,347.547162338,F4-8.4c
318,1.84598639456,64.9098243091,347.413917387,F4-9.0c
319,1.85179138322,64.9026760337,347.270499591,F4-9.7c
320,1.85759637188,64.8945394726,347.107325597,F4-10.5c
321,1.86340136054,64.8849360222,346.91483264,F4-11.5c
322,1.86920634921,64.8733870788,346.683485312,F4-12.7c
323,1.87501133787,64.8594140387,346.403784953,F4-14.1c
324,1.88081632653,64.8425382984,346.066281652,F4-15.7c
325,1.88662131519,-100.0,-100.0,null
326,1.89242630385,-100.0,-100.0,null
327,1.89823129252,-100.0,-100.0,null
328,1.90403628118,-100.0,-100.0,null
329,1.90984126984,-100.0,-100.0,null
330,1.9156462585,-100.0,-100.0,null
331,1.92145124717,-100.0,-100.0,null
332,1.92725623583,-100.0,-100.0,null
333,1.93306122449,-100.0,-100.0,null
334,1.93886621315,-100.0,-100.0,null
335,1.94467120181,-100.0,-100.0,null
336,1.95047619048,-100.0,-100.0,null
337,1.95628117914,-100.0,-100.0,null
338,1.9620861678,-100.0,-100.0,null
339,1.96789115646,-100.0,-100.0,null
340,1.97369614512,-100.0,-100.0,null
341,1.97950113379,-100.0,-100.0,null
342,1.98530612245,-100.0,-100.0,null
343,1.99111111111,-100.0,-100.0,null
344,1.99691609977,-100.0,-100.0,null
345,2.00272108844,-100.0,-100.0,null
346,2.0085260771,-100.0,-100.0,null
347,2.01433106576,-100.0,-100.0,null
348,2.02013605442,-100.0,-100.0,null
349,2.02594104308,-100.0,-100.0,null
350,2.03174603175,-100.0,-100.0,null
351,2.03755102041,-100.0,-100.0,null
352,2.04335600907,-100.0,-100.0,null
353,2.04916099773,-100.0,-100.0,null
354,2.05496598639,-100.0,-100.0,null
355,2.06077097506,-100.0,-100.0,null
356,2.06657596372,-100.0,-100.0,null
357,2.07238095238,-100.0,-100.0,null
358,2.07818594104,-100.0,-100.0,null
359,2.08399092971,-100.0,-100.0,null
360,2.08979591837,64.8762221356,346.740262607,F4-12.4c
361,2.09560090703,64.7785230417,344.789006974,F4-22.2c
362,2.10140589569,64.6871575813,342.97418434,F4-31.3c
363,2.10721088435,64.6019349025,341.289989527,F4-39.8c
364,2.11301587302,64.5226641533,339.730843396,F4-47.7c
365,2.11882086168,64.4491544815,338.291375523,E4+44.9c
366,2.12462585034,64.3812150351,336.966407904,E4+38.1c
367,2.130430839,64.318654962,335.750939648,E4+31.9c
368,2.13623582766,64.2612834102,334.640132564,E4+26.1c
369,2.14204081633,64.2089095277,333.629297606,E4+20.9c
370,2.14784580499,64.1613424624,332.713882107,E4+16.1c
371,2.15365079365,64.1183913622,331.88945776,E4+11.8c
372,2.15945578231,64.079865375,331.151709304,E4+8.0c
373,2.16526077098,64.0455736489,330.496423868,E4+4.6c
374,2.17106575964,64.0153253317,329.919480945,E4+1.5c
375,2.1768707483,63.9889295714,329.416842951,E4-1.1c
376,2.18267573696,63.966195516,328.984546361,E4-3.4c
377,2.18848072562,63.9469323134,328.618693369,E4-5.3c
378,2.19428571429,63.9309491115,328.315444071,E4-6.9c
379,2.20009070295,63.9180550583,328.071009141,E4-8.2c
380,2.20589569161,63.9080593017,327.881642982,E4-9.2c
381,2.21170068027,63.9007709897,327.743637334,E4-9.9c
382,2.21750566893,63.8959992703,327.653315336,E4-10.4c
383,2.2233106576,63.8935532912,327.607026013,E4-10.6c
384,2.22911564626,63.8932422006,327.601139197,E4-10.7c
385,2.23492063492,63.8948751464,327.63204086,E4-10.5c
386,2.24072562358,63.8982612764,327.696128856,E4-10.2c
387,2.24653061224,63.9032097387,327.789809067,E4-9.7c
388,2.25233560091,63.9095296812,327.909491955,E4-9.0c
389,2.25814058957,63.9170302517,328.051589504,E4-8.3c
390,2.26394557823,63.9255205984,328.212512564,E4-7.5c
391,2.26975056689,63.9348098691,328.388668583,E4-6.5c
392,2.27555555556,63.9447072118,328.576459738,E4-5.5c
393,2.28136054422,63.9550217743,328.772281456,E4-4.5c
394,2.28716553288,63.9655627047,328.972521336,E4-3.4c
395,2.29297052154,63.976139151,329.173558464,E4-2.4c
396,2.2987755102,63.9865602609,329.37176312,E4-1.3c
397,2.30458049887,63.9966351826,329.563496899,E4-0.3c
398,2.31038548753,64.0061730638,329.745113218,E4+0.6c
399,2.31619047619,64.0149830527,329.912958234,E4+1.5c
400,2.32199546485,64.0228742971,330.063372166,E4+2.3c
401,2.32780045351,64.0296559449,330.19269102,E4+3.0c
402,2.33360544218,64.0351371442,330.297248718,E4+3.5c
403,2.33941043084,64.0391270428,330.373379637,E4+3.9c
404,2.3452154195,64.0414347887,330.417421553,E4+4.1c
405,2.35102040816,64.0418695299,330.425718978,E4+4.2c
406,2.35682539683,64.0402404142,330.394626915,E4+4.0c
407,2.36263038549,64.0363565897,330.320514993,E4+3.6c
408,2.36843537415,64.0300272043,330.199772006,E4+3.0c
409,2.37424036281,64.0210614059,330.028810828,E4+2.1c
410,2.38004535147,64.0092683424,329.804073717,E4+0.9c
411,2.38585034014,63.9944571619,329.522037978,E4-0.6c
412,2.3916553288,63.9764370123,329.17922199,E4-2.4c
413,2.39746031746,63.9550170414,328.772191574,E4-4.5c
414,2.40326530612,63.9300063973,328.297566695,E4-7.0c
415,2.40907029478,63.9012142279,327.752028478,E4-9.9c
416,2.41487528345,63.9554103688,328.779661193,E4-4.5c
417,2.42068027211,63.9492801798,328.663263028,E4-5.1c
418,2.42648526077,63.9518415436,328.711892412,E4-4.8c
419,2.43229024943,63.9624226187,328.912858211,E4-3.8c
420,2.4380952381,63.9803515636,329.253662224,E4-2.0c
421,2.44390022676,64.0049565368,329.721943055,E4+0.5c
422,2.44970521542,64.0355656969,330.305425054,E4+3.6c
423,2.45551020408,64.0715072023,330.991872154,E4+7.1c
424,2.46131519274,64.1121092115,331.769046466,E4+11.2c
425,2.46712018141,64.1566998831,332.624671554,E4+15.7c
426,2.47292517007,64.2046073756,333.546400343,E4+20.5c
427,2.47873015873,64.2551598475,334.521787649,E4+25.5c
428,2.48453514739,64.3076854573,335.538267368,E4+30.8c
429,2.49034013605,64.3615123635,336.583134367,E4+36.1c
430,2.49614512472,64.4159687247,337.643531156,E4+41.6c
431,2.50195011338,64.4703826993,338.706439427,E4+47.0c
432,2.50775510204,64.4991149902,339.269037656,E4+49.9c
433,2.5135600907,64.5673065186,340.608018819,F4-43.3c
434,2.51936507937,64.6467208862,342.17402919,F4-35.3c
435,2.52517006803,64.6907806396,343.045968136,F4-30.9c
436,2.53097505669,64.7394638062,344.011988151,F4-26.1c
437,2.53678004535,64.7904663086,345.026948683,F4-21.0c
438,2.54258503401,64.8932800293,347.082075047,F4-10.7c
439,2.54839002268,65.097076416,351.191978205,F4+9.7c
440,2.55419501134,65.1622238159,352.516024847,F4+16.2c
441,2.56,65.1636962891,352.546008803,F4+16.4c
442,2.56580498866,65.1987228394,353.26000647,F4+19.9c
443,2.57160997732,65.2450714111,354.207020732,F4+24.5c
444,2.57741496599,65.3272323608,355.892012472,F4+32.7c
445,2.58321995465,65.4234771729,357.876039273,F4+42.3c
446,2.58902494331,65.4266662598,357.941969291,F4+42.7c
447,2.59482993197,65.4638671875,358.711945489,F4+46.4c
448,2.60063492063,65.4395294189,358.208020866,F4+44.0c
449,2.6064399093,65.4715423584,358.871010398,F4+47.2c
450,2.61224489796,65.5927352905,361.392057065,F#4-40.7c
451,2.61804988662,65.5945510864,361.429963472,F#4-40.5c
452,2.62385487528,65.6301040649,362.172966141,F#4-37.0c
453,2.62965986395,65.6436309814,362.456058881,F#4-35.6c
454,2.63546485261,65.6855163574,363.334044632,F#4-31.5c
455,2.64126984127,65.7153167725,363.960004455,F#4-28.5c
456,2.64707482993,65.7979812622,365.702028449,F#4-20.2c
457,2.65287981859,65.8478546143,366.757060978,F#4-15.2c
458,2.65868480726,65.8294830322,366.368070615,F#4-17.1c
459,2.66448979592,65.8691711426,367.208923762,F#4-13.1c
460,2.67029478458,65.8655471802,367.132064595,F#4-13.4c
461,2.67609977324,65.8718643188,367.26605268,F#4-12.8c
462,2.6819047619,65.8888244629,367.62602349,F#4-11.1c
463,2.68770975057,65.8896713257,367.644006987,F#4-11.0c
464,2.69351473923,65.896736145,367.794065757,F#4-10.3c
465,2.69931972789,65.9093399048,368.061925314,F#4-9.1c
466,2.70512471655,65.9257049561,368.41001228,F#4-7.4c
467,2.71092970522,65.9167709351,368.219943601,F#4-8.3c
468,2.71673469388,65.8628540039,367.074956519,F#4-13.7c
469,2.72253968254,65.8088684082,365.932078426,F#4-19.1c
470,2.7283446712,65.739982605,364.478927638,F#4-26.0c
471,2.73414965986,65.6578063965,362.752960917,F#4-34.2c
472,2.73995464853,65.5323181152,360.133057304,F#4-46.8c
473,2.74575963719,65.4100189209,357.597942021,F4+41.0c
474,2.75156462585,65.2950439453,355.230925832,F4+29.5c
475,2.75736961451,65.1209716797,351.677043697,F4+12.1c
476,2.76317460317,64.9903182983,349.032984678,F4-1.0c
477,2.76897959184,64.8016052246,345.249013566,F4-19.8c
478,2.7747845805,64.7035980225,343.300040055,F4-29.6c
479,2.78058956916,64.6028518677,341.308066766,F4-39.7c
480,2.78639455782,64.2907409668,335.210019229,E4+29.1c
481,2.79219954649,64.1727905273,332.933967299,E4+17.3c
482,2.79800453515,64.1676940918,332.835972069,E4+16.8c
483,2.80380952381,64.1334915161,332.179064364,E4+13.3c
484,2.80961451247,64.1008300781,331.552966577,E4+10.1c
485,2.81541950113,64.1279144287,332.072071707,E4+12.8c
486,2.8212244898,63.9712181091,329.080004005,E4-2.9c
487,2.82702947846,63.9512672424,328.700988254,E4-4.9c
488,2.83283446712,63.9642715454,328.947987386,E4-3.6c
489,2.83863945578,63.9633255005,328.930012285,E4-3.7c
490,2.84444444444,63.9829444885,329.302979297,E4-1.7c
491,2.85024943311,64.0099487305,329.81703552,E4+1.0c
492,2.85605442177,64.0220184326,330.047055335,E4+2.2c
493,2.86185941043,64.055557251,330.687068014,E4+5.6c
494,2.86766439909,64.1061019897,331.653945651,E4+10.6c
495,2.87346938776,64.1308822632,332.129003318,E4+13.1c
496,2.87927437642,64.1741409302,332.959937936,E4+17.4c
497,2.88507936508,64.1897354126,333.259994255,E4+19.0c
498,2.89088435374,64.2372589111,334.176071344,E4+23.7c
499,2.8966893424,64.2683105469,334.775991679,E4+26.8c
500,2.90249433107,64.3286590576,335.945012493,E4+32.9c
501,2.90829931973,64.3555374146,336.466990622,E4+35.6c
502,2.91410430839,64.3493118286,336.346017517,E4+34.9c
503,2.91990929705,64.3839645386,337.019928333,E4+38.4c
504,2.92571428571,64.4141998291,337.60903405,E4+41.4c
505,2.93151927438,64.4661712646,338.624055041,E4+46.6c
506,2.93732426304,64.5478820801,340.226071083,F4-45.2c
507,2.9431292517,64.6068572998,341.387041902,F4-39.3c
508,2.94893424036,64.6055908203,341.362068741,F4-39.4c
509,2.95473922902,64.6342163086,341.926968613,F4-36.6c
510,2.96054421769,64.6697235107,342.628972414,F4-33.0c
511,2.96634920635,64.7281341553,343.786931309,F4-27.2c
512,2.97215419501,64.8243026733,345.701951222,F4-17.6c
513,2.97795918367,64.9016571045,347.250061357,F4-9.8c
514,2.98376417234,64.9779129028,348.782969883,F4-2.2c
515,2.989569161,65.03465271,349.927953357,F4+3.5c
516,2.99537414966,65.0618438721,350.477990126,F4+6.2c
517,3.00117913832,65.1105804443,351.466022984,F4+11.1c
518,3.00698412698,65.1715545654,352.706069935,F4+17.2c
519,3.01278911565,65.1659088135,352.591067211,F4+16.6c
520,3.01859410431,65.2263412476,353.82401256,F4+22.6c
521,3.02439909297,65.2737350464,354.793958727,F4+27.4c
522,3.03020408163,65.2955322266,355.240944988,F4+29.6c
523,3.03600907029,65.4328613281,358.070078588,F4+43.3c
524,3.04181405896,65.4768447876,358.980942361,F4+47.7c
525,3.04761904762,65.5355377197,360.200038071,F#4-46.4c
526,3.05342403628,65.6210708618,361.984041449,F#4-37.9c
527,3.05922902494,65.6502151489,362.593933091,F#4-35.0c
528,3.06503401361,65.6486434937,362.561017449,F#4-35.1c
529,3.07083900227,65.6464920044,362.515963017,F#4-35.4c
530,3.07664399093,65.6427230835,362.437051371,F#4-35.7c
531,3.08244897959,65.682800293,363.277047066,F#4-31.7c
532,3.08825396825,65.6862258911,363.348935919,F#4-31.4c
533,3.09405895692,65.5891816642,361.317883354,F#4-41.1c
534,3.09986394558,65.6899224675,363.426527421,F#4-31.0c
535,3.10566893424,65.7466957301,364.620287329,F#4-25.3c
536,3.1114739229,65.7635143462,364.974681257,F#4-23.7c
537,3.11727891156,65.7443912097,364.571754378,F#4-25.6c
538,3.12308390023,65.6933392147,363.498260017,F#4-30.7c
539,3.12888888889,65.6143712552,361.843986354,F#4-38.6c
540,3.13469387755,65.5115002253,359.700261721,F#4-48.9c
541,3.14049886621,65.388739019,357.158661482,F4+38.9c
542,3.14630385488,65.2501005303,354.30993045,F4+25.0c
543,3.15210884354,65.0995976533,351.24312685,F4+10.0c
544,3.1579138322,64.941243282,348.044987417,F4-5.9c
545,3.16371882086,64.7790503104,344.79950811,F4-22.1c
546,3.16952380952,64.6170316327,341.587731476,F4-38.3c
547,3.17532879819,64.4592001428,338.48772949,E4+45.9c
548,3.18113378685,64.3095687347,335.57477,E4+31.0c
549,3.18693877551,64.1721503026,332.921655351,E4+17.2c
550,3.19274376417,64.0509577404,330.599223355,E4+5.1c
551,3.19854875283,63.9500039422,328.677003463,E4-5.0c
552,3.2043537415,63.873301802,327.22402458,E4-12.7c
553,3.21015873016,63.824864214,326.309775568,E4-17.5c
554,3.21596371882,63.808704072,326.005324997,E4-19.1c
555,3.22176870748,63.8288342701,326.384613322,E4-17.1c
556,3.22757369615,63.8892677025,327.525938465,E4-11.1c
557,3.23337868481,63.8560992421,326.899037029,E4-14.4c
558,3.23918367347,63.8643475068,327.054821408,E4-13.6c
559,3.24498866213,63.8732064921,327.222223112,E4-12.7c
560,3.25079365079,63.8805398785,327.36086152,E4-11.9c
561,3.25659863946,63.8842113468,327.430293061,E4-11.6c
562,3.26240362812,63.8820845775,327.390071698,E4-11.8c
563,3.26820861678,63.8720232512,327.199859326,E4-12.8c
564,3.27401360544,63.8518910486,326.819585772,E4-14.8c
565,3.2798185941,63.8195516502,326.209657647,E4-18.0c
566,3.28562358277,63.7728687366,325.331214672,E4-22.7c
567,3.29142857143,63.7161154066,324.266459787,E4-28.4c
568,3.29723356009,63.6731081463,323.46191783,E4-32.7c
569,3.30303854875,63.769028709,325.259061383,E4-23.1c
570,3.30884353741,63.9405219668,328.497036233,E4-6.0c
571,3.31464852608,64.1242327917,332.001460871,E4+12.4c
572,3.32045351474,64.2568060557,334.553598407,E4+25.7c
573,3.3262585034,64.2748866308,334.903180328,E4+27.5c
574,3.33206349206,64.1939038749,333.340246198,E4+19.4c
575,3.33786848073,64.0839336665,331.229537024,E4+8.4c
576,3.34367346939,64.0142834954,329.899627375,E4+1.4c
577,3.34947845805,63.9724693216,329.103788419,E4-2.8c
578,3.35528344671,63.9460071052,328.601131758,E4-5.4c
579,3.36108843537,63.9224128063,328.153599402,E4-7.8c
580,3.36689342404,63.8892023849,327.524702748,E4-11.1c
581,3.3726984127,63.8338918012,326.47997544,E4-16.6c
582,3.37850340136,63.7439970151,324.789113252,E4-25.6c
583,3.38430839002,63.7786887731,325.440602414,E4-22.1c
584,3.39011337868,63.8293612376,326.394548241,E4-17.1c
585,3.39591836735,63.862775318,327.025121866,E4-13.7c
586,3.40172335601,63.8827521703,327.40269665,E4-11.7c
587,3.40752834467,63.8931129503,327.598693404,E4-10.7c
588,3.41333333333,63.8976788139,327.685103917,E4-10.2c
589,3.419138322,63.900270917,327.734170487,E4-10.0c
590,3.42494331066,63.9047104155,327.818223935,E4-9.5c
591,3.43074829932,63.9148184651,328.00968103,E4-8.5c
592,3.43655328798,63.9344162218,328.381201781,E4-6.6c
593,3.44235827664,63.9673248416,329.006007513,E4-3.3c
594,3.44816326531,64.0173654801,329.958362132,E4+1.7c
595,3.45396825397,63.9768898126,329.187831711,E4-2.3c
596,3.45977324263,64.0142375319,329.898751507,E4+1.4c
597,3.46557823129,63.9982549824,329.594333393,E4-0.2c
598,3.47138321995,63.9473708512,328.627017694,E4-5.3c
599,3.47718820862,63.8800138251,327.350914471,E4-12.0c
600,3.48299319728,63.8146125909,326.11660616,E4-18.5c
601,3.48879818594,63.7695958356,325.269716562,E4-23.0c
602,3.4946031746,63.7633922461,325.153182445,E4-23.7c
603,3.50040816327,63.720601763,324.350501771,E4-27.9c
604,3.50621315193,63.8352339608,326.505287167,E4-16.5c
605,3.51201814059,63.9143006461,327.999870276,E4-8.6c
606,3.51782312925,63.9447784424,328.577811649,E4-5.5c
607,3.52362811791,63.9136439732,327.987429178,E4-8.6c
608,3.52943310658,63.8078738621,325.989691852,E4-19.2c
609,3.53523809524,-100.0,-100.0,null
610,3.5410430839,-100.0,-100.0,null
611,3.54684807256,-100.0,-100.0,null
612,3.55265306122,-100.0,-100.0,null
613,3.55845804989,-100.0,-100.0,null
614,3.56426303855,-100.0,-100.0,null
615,3.57006802721,-100.0,-100.0,null
616,3.57587301587,-100.0,-100.0,null
617,3.58167800454,-100.0,-100.0,null
618,3.5874829932,-100.0,-100.0,null
619,3.59328798186,-100.0,-100.0,null
620,3.59909297052,-100.0,-100.0,null
621,3.60489795918,-100.0,-100.0,null
622,3.61070294785,-100.0,-100.0,null
623,3.61650793651,-100.0,-100.0,null
624,3.62231292517,-100.0,-100.0,null
625,3.62811791383,-100.0,-100.0,null
626,3.63392290249,-100.0,-100.0,null
627,3.63972789116,-100.0,-100.0,null
628,3.64553287982,-100.0,-100.0,null
629,3.65133786848,-100.0,-100.0,null
630,3.65714285714,-100.0,-100.0,null
631,3.6629478458,-100.0,-100.0,null
632,3.66875283447,-100.0,-100.0,null
633,3.67455782313,-100.0,-100.0,null
634,3.68036281179,-100.0,-100.0,null
635,3.68616780045,-100.0,-100.0,null
636,3.69197278912,-100.0,-100.0,null
637,3.69777777778,-100.0,-100.0,null
638,3.70358276644,-100.0,-100.0,null
639,3.7093877551,-100.0,-100.0,null
640,3.71519274376,-100.0,-100.0,null
641,3.72099773243,-100.0,-100.0,null
642,3.72680272109,-100.0,-100.0,null
643,3.73260770975,-100.0,-100.0,null
644,3.73841269841,-100.0,-100.0,null
645,3.74421768707,-100.0,-100.0,null
646,3.75002267574,-100.0,-100.0,null
647,3.7558276644,-100.0,-100.0,null
648,3.76163265306,-100.0,-100.0,null
649,3.76743764172,-100.0,-100.0,null
650,3.77324263039,-100.0,-100.0,null
651,3.77904761905,-100.0,-100.0,null
652,3.78485260771,-100.0,-100.0,null
653,3.79065759637,-100.0,-100.0,null
654,3.79646258503,-100.0,-100.0,null
655,3.8022675737,-100.0,-100.0,null
656,3.80807256236,-100.0,-100.0,null
657,3.81387755102,-100.0,-100.0,null
658,3.81968253968,-100.0,-100.0,null
659,3.82548752834,-100.0,-100.0,null
660,3.83129251701,-100.0,-100.0,null
661,3.83709750567,-100.0,-100.0,null
662,3.84290249433,-100.0,-100.0,null
663,3.84870748299,-100.0,-100.0,null
664,3.85451247166,-100.0,-100.0,null
665,3.86031746032,-100.0,-100.0,null
666,3.86612244898,-100.0,-100.0,null
667,3.87192743764,-100.0,-100.0,null
668,3.8777324263,-100.0,-100.0,null
669,3.88353741497,-100.0,-100.0,null
670,3.88934240363,-100.0,-100.0,null
671,3.89514739229,-100.0,-100.0,null
672,3.90095238095,-100.0,-100.0,null
673,3.90675736961,-100.0,-100.0,null
674,3.91256235828,-100.0,-100.0,null
675,3.91836734694,-100.0,-100.0,null
676,3.9241723356,-100.0,-100.0,null
677,3.92997732426,-100.0,-100.0,null
678,3.93578231293,-100.0,-100.0,null
679,3.94158730159,-100.0,-100.0,null
680,3.94739229025,-100.0,-100.0,null
681,3.95319727891,-100.0,-100.0,null
682,3.95900226757,-100.0,-100.0,null
683,3.96480725624,-100.0,-100.0,null
684,3.9706122449,-100.0,-100.0,null
685,3.97641723356,-100.0,-100.0,null
686,3.98222222222,-100.0,-100.0,null
687,3.98802721088,-100.0,-100.0,null
688,3.99383219955,-100.0,-100.0,null
689,3.99963718821,-100.0,-100.0,null
690,4.00544217687,-100.0,-100.0,null
691,4.01124716553,-100.0,-100.0,null
692,4.0170521542,-100.0,-100.0,null
693,4.02285714286,-100.0,-100.0,null
694,4.02866213152,-100.0,-100.0,null
695,4.03446712018,-100.0,-100.0,null
696,4.04027210884,-100.0,-100.0,null
697,4.04607709751,-100.0,-100.0,null
698,4.05188208617,-100.0,-100.0,null
699,4.05768707483,-100.0,-100.0,null
700,4.06349206349,-100.0,-100.0,null
701,4.06929705215,-100.0,-100.0,null
702,4.07510204082,-100.0,-100.0,null
703,4.08090702948,-100.0,-100.0,null
704,4.08671201814,-100.0,-100.0,null
705,4.0925170068,-100.0,-100.0,null
706,4.09832199546,-100.0,-100.0,null
707,4.10412698413,-100.0,-100.0,null
708,4.10993197279,-100.0,-100.0,null
709,4.11573696145,-100.0,-100.0,null
710,4.12154195011,-100.0,-100.0,null
711,4.12734693878,-100.0,-100.0,null
712,4.13315192744,-100.0,-100.0,null
713,4.1389569161,-100.0,-100.0,null
714,4.14476190476,-100.0,-100.0,null
715,4.15056689342,-100.0,-100.0,null
716,4.15637188209,-100.0,-100.0,null
717,4.16217687075,-100.0,-100.0,null
718,4.16798185941,-100.0,-100.0,null
719,4.17378684807,-100.0,-100.0,null
720,4.17959183673,-100.0,-100.0,null
721,4.1853968254,-100.0,-100.0,null
722,4.19120181406,-100.0,-100.0,null
723,4.19700680272,-100.0,-100.0,null
724,4.20281179138,-100.0,-100.0,null
725,4.20861678005,-100.0,-100.0,null
726,4.21442176871,-100.0,-100.0,null
727,4.22022675737,-100.0,-100.0,null
728,4.22603174603,-100.0,-100.0,null
729,4.23183673469,-100.0,-100.0,null
730,4.23764172336,-100.0,-100.0,null
731,4.24344671202,-100.0,-100.0,null
732,4.24925170068,-100.0,-100.0,null
733,4.25505668934,-100.0,-100.0,null
734,4.260861678,-100.0,-100.0,null
735,4.26666666667,-100.0,-100.0,null
736,4.27247165533,-100.0,-100.0,null
737,4.27827664399,-100.0,-100.0,null
738,4.28408163265,-100.0,-100.0,null
739,4.28988662132,-100.0,-100.0,null
740,4.29569160998,-100.0,-100.0,null
741,4.30149659864,-100.0,-100.0,null
742,4.3073015873,-100.0,-100.0,null
743,4.31310657596,-100.0,-100.0,null
744,4.31891156463,-100.0,-100.0,null
745,4.32471655329,-100.0,-100.0,null
746,4.33052154195,-100.0,-100.0,null
747,4.33632653061,-100.0,-100.0,null
748,4.34213151927,-100.0,-100.0,null
749,4.34793650794,-100.0,-100.0,null
750,4.3537414966,-100.0,-100.0,null
751,4.35954648526,-100.0,-100.0,null
752,4.36535147392,-100.0,-100.0,null
753,4.37115646259,-100.0,-100.0,null
754,4.37696145125,-100.0,-100.0,null
755,4.38276643991,-100.0,-100.0,null
756,4.38857142857,-100.0,-100.0,null
757,4.39437641723,-100.0,-100.0,null
758,4.4001814059,-100.0,-100.0,null
759,4.40598639456,-100.0,-100.0,null
760,4.41179138322,-100.0,-100.0,null
761,4.41759637188,-100.0,-100.0,null
762,4.42340136054,-100.0,-100.0,null
763,4.42920634921,-100.0,-100.0,null
764,4.43501133787,-100.0,-100.0,null
765,4.44081632653,-100.0,-100.0,null
766,4.44662131519,-100.0,-100.0,null
767,4.45242630385,-100.0,-100.0,null
768,4.45823129252,-100.0,-100.0,null
769,4.46403628118,-100.0,-100.0,null
770,4.46984126984,-100.0,-100.0,null
771,4.4756462585,-100.0,-100.0,null
772,4.48145124717,-100.0,-100.0,null
773,4.48725623583,-100.0,-100.0,null
774,4.49306122449,-100.0,-100.0,null
775,4.49886621315,-100.0,-100.0,null
776,4.50467120181,-100.0,-100.0,null
777,4.51047619048,-100.0,-100.0,null
778,4.51628117914,-100.0,-100.0,null
779,4.5220861678,-100.0,-100.0,null
780,4.52789115646,-100.0,-100.0,null
781,4.53369614512,-100.0,-100.0,null
782,4.53950113379,-100.0,-100.0,null
783,4.54530612245,-100.0,-100.0,null
784,4.55111111111,-100.0,-100.0,null
785,4.55691609977,-100.0,-100.0,null
786,4.56272108844,-100.0,-100.0,null
787,4.5685260771,-100.0,-100.0,null
788,4.57433106576,-100.0,-100.0,null
789,4.58013605442,-100.0,-100.0,null
790,4.58594104308,-100.0,-100.0,null
791,4.59174603175,-100.0,-100.0,null
792,4.59755102041,-100.0,-100.0,null
793,4.60335600907,58.753902628,243.456172068,B3-24.6c
794,4.60916099773,58.903258892,245.565592537,B3-9.7c
795,4.61496598639,59.0383045835,247.488628612,B3+3.8c
796,4.62077097506,59.1549466286,249.161715295,B3+15.5c
797,4.62657596372,59.2490919534,250.520359302,B3+24.9c
798,4.63238095238,59.3166474842,251.499839748,B3+31.7c
799,4.63818594104,59.353520147,252.036067149,B3+35.3c
800,4.64399092971,59.3556168681,252.066593429,B3+35.6c
801,4.64979591837,59.3188445737,251.531759332,B3+31.9c
802,4.65560090703,59.4365401811,253.247589821,B3+43.7c
803,4.66140589569,59.3998084008,252.710841282,B3+40.0c
804,4.66721088435,59.3645961311,252.197364845,B3+36.5c
805,4.67301587302,59.3308946852,251.706896879,B3+33.1c
806,4.67882086168,59.2986953765,251.239181051,B3+29.9c
807,4.68462585034,59.2679895184,250.793968151,B3+26.8c
808,4.690430839,59.2387684242,250.37101593,B3+23.9c
809,4.69623582766,59.2110234072,249.970088929,B3+21.1c
810,4.70204081633,59.1847457807,249.59095833,B3+18.5c
811,4.70784580499,59.1599268582,249.233401793,B3+16.0c
812,4.71365079365,59.136557953,248.897203312,B3+13.7c
813,4.71945578231,59.1146303784,248.582153067,B3+11.5c
814,4.72526077098,59.0941354477,248.288047277,B3+9.4c
815,4.73106575964,59.0750644743,248.014688072,B3+7.5c
816,4.7368707483,59.0574087716,247.761883345,B3+5.7c
817,4.74267573696,59.0411596528,247.529446631,B3+4.1c
818,4.74848072562,59.0263084314,247.317196975,B3+2.6c
819,4.75428571429,59.0128464206,247.124958806,B3+1.3c
820,4.76009070295,59.0007649338,246.952561815,B3+0.1c
821,4.76589569161,58.9900552844,246.799840843,B3-1.0c
822,4.77170068027,58.9807087857,246.666635755,B3-1.9c
823,4.77750566893,58.972716751,246.552791336,B3-2.7c
824,4.7833106576,58.9660704937,246.458157177,B3-3.4c
825,4.78911564626,58.9607613272,246.382587568,B3-3.9c
826,4.79492063492,58.9567805647,246.325941397,B3-4.3c
827,4.80072562358,58.9541195196,246.288082041,B3-4.6c
828,4.80653061224,58.9527695053,246.268877274,B3-4.7c
829,4.81233560091,58.9527218351,246.268199163,B3-4.7c
830,4.81814058957,58.9539678223,246.285923981,B3-4.6c
831,4.82394557823,58.9564987803,246.321932105,B3-4.4c
832,4.82975056689,58.9603060225,246.376107932,B3-4.0c
833,4.83555555556,58.9653808621,246.448339789,B3-3.5c
834,4.84136054422,58.9717146125,246.538519846,B3-2.8c
835,4.84716553288,58.9792985871,246.646544031,B3-2.1c
836,4.85297052154,58.9881240993,246.772311948,B3-1.2c
837,4.8587755102,58.9981824622,246.915726795,B3-0.2c
838,4.86458049887,59.0094649893,247.076695288,B3+0.9c
839,4.87038548753,59.021962994,247.255127579,B3+2.2c
840,4.87619047619,59.0356677896,247.450937185,B3+3.6c
841,4.88199546485,59.0505706894,247.664040908,B3+5.1c
842,4.88780045351,59.0666630067,247.894358769,B3+6.7c
843,4.89360544218,59.0839360549,248.141813931,B3+8.4c
844,4.89941043084,59.1023811474,248.406332632,B3+10.2c
845,4.9052154195,59.1219895975,248.687844115,B3+12.2c
846,4.91102040816,59.1427527186,248.986280564,B3+14.3c
847,4.91682539683,59.1646618239,249.301577034,B3+16.5c
848,4.92263038549,58.979187434,246.644960453,B3-2.1c
849,4.92843537415,59.0288600737,247.353651407,B3+2.9c
850,4.93424036281,59.0718183967,247.96818948,B3+7.2c
851,4.94004535147,59.1086177542,248.495834782,B3+10.9c
852,4.94585034014,59.1398134973,248.944012239,B3+14.0c
853,4.9516553288,59.1659609771,249.320285834,B3+16.6c
854,4.95746031746,59.1876155448,249.632334972,B3+18.8c
855,4.96326530612,59.2053325513,249.887933085,B3+20.5c
856,4.96907029478,59.219667348,250.094928558,B3+22.0c
857,4.97487528345,59.2311752858,250.261228064,B3+23.1c
858,4.98068027211,59.2404117159,250.394782338,B3+24.0c
859,4.98648526077,59.2479319894,250.503574462,B3+24.8c
860,4.99229024943,59.2542914575,250.595610667,B3+25.4c
861,4.9980952381,59.2600454712,250.678913686,B3+26.0c
862,5.00390022676,59.2657493817,250.761518673,B3+26.6c
863,5.00970521542,59.2719585401,250.851471689,B3+27.2c
864,5.01551020408,59.2792282976,250.956830771,B3+27.9c
865,5.02131519274,59.2881140051,251.085669582,B3+28.8c
866,5.02712018141,59.2991710139,251.246083664,B3+29.9c
867,5.03292517007,59.3129546751,251.446199291,B3+31.3c
868,5.03873015873,59.3300203397,251.694184951,B3+33.0c
869,5.04453514739,59.350923359,251.998265492,B3+35.1c
870,5.05034013605,59.376219084,252.366738957,B3+37.6c
871,5.05614512472,59.4064628658,252.80799618,B3+40.6c
872,5.06195011338,59.4422100556,253.330543204,B3+44.2c
873,5.06775510204,59.4840160045,253.943026612,B3+48.4c
874,5.0735600907,59.5324360635,254.654261893,C4-46.8c
875,5.07936507937,59.5880255839,255.473264968,C4-41.2c
876,5.08517006803,59.6513399168,256.409287055,C4-34.9c
877,5.09097505669,59.7229344132,257.471853062,C4-27.7c
878,5.09678004535,59.8033644242,258.670803745,C4-19.7c
879,5.10258503401,59.8931853011,260.016341911,C4-10.7c
880,5.10839002268,59.9929523949,261.519082966,C4-0.7c
881,5.11419501134,60.1032210567,263.190110203,C4+10.3c
882,5.12,60.2245466377,265.041035222,C4+22.5c
883,5.12580498866,60.3574844889,267.084064,C4+35.7c
884,5.13160997732,60.5025899615,269.332069141,C#4-49.7c
885,5.13741496599,60.6604184066,271.79866895,C#4-34.0c
886,5.14321995465,60.8315251754,274.498314058,C#4-16.9c
887,5.14902494331,61.0164656189,277.446382411,C#4+1.6c
888,5.15482993197,61.2157950883,280.65928356,C#4+21.6c
889,5.16063492063,61.4300689346,284.154573313,C#4+43.0c
890,5.1664399093,61.6598425091,287.951079954,D4-34.0c
891,5.17224489796,-100.0,-100.0,null
892,5.17804988662,-100.0,-100.0,null
893,5.18385487528,-100.0,-100.0,null
894,5.18965986395,-100.0,-100.0,null
895,5.19546485261,-100.0,-100.0,null
896,5.20126984127,-100.0,-100.0,null
897,5.20707482993,-100.0,-100.0,null
898,5.21287981859,-100.0,-100.0,null
899,5.21868480726,-100.0,-100.0,null
900,5.22448979592,-100.0,-100.0,null
901,5.23029478458,-100.0,-100.0,null
902,5.23609977324,-100.0,-100.0,null
903,5.2419047619,-100.0,-100.0,null
904,5.24770975057,-100.0,-100.0,null
905,5.25351473923,-100.0,-100.0,null
906,5.25931972789,-100.0,-100.0,null
907,5.26512471655,-100.0,-100.0,null
908,5.27092970522,-100.0,-100.0,null
909,5.27673469388,-100.0,-100.0,null
910,5.28253968254,-100.0,-100.0,null
911,5.2883446712,-100.0,-100.0,null
912,5.29414965986,-100.0,-100.0,null
913,5.29995464853,-100.0,-100.0,null
914,5.30575963719,-100.0,-100.0,null
915,5.31156462585,-100.0,-100.0,null
916,5.31736961451,-100.0,-100.0,null
917,5.32317460317,-100.0,-100.0,null
918,5.32897959184,-100.0,-100.0,null
919,5.3347845805,-100.0,-100.0,null
920,5.34058956916,62.8590424506,308.604064096,D#4-14.1c
921,5.34639455782,62.8038618905,307.621999581,D#4-19.6c
922,5.35219954649,62.749263672,306.653375108,D#4-25.1c
923,5.35800453515,62.6958115432,305.708038019,D#4-30.4c
924,5.36380952381,62.6440692524,304.795716566,D#4-35.6c
925,5.36961451247,62.5946005479,303.926028967,D#4-40.5c
926,5.37541950113,62.5479691779,303.108495531,D#4-45.2c
927,5.3812244898,62.5047388906,302.352553793,D#4-49.5c
928,5.38702947846,62.4654734342,301.667576625,D4+46.5c
929,5.39283446712,62.430736557,301.062893298,D4+43.1c
930,5.39863945578,62.4010920072,300.547813485,D4+40.1c
931,5.40444444444,62.3771035331,300.131654227,D4+37.7c
932,5.41024943311,62.3593348828,299.823769883,D4+35.9c
933,5.41605442177,62.3954603593,300.450062162,D4+39.5c
934,5.42185941043,62.3673314105,299.962289737,D4+36.7c
935,5.42766439909,62.3607554593,299.848373147,D4+36.1c
936,5.43346938776,62.3724001142,300.050125496,D4+37.2c
937,5.43927437642,62.3989329838,300.51033448,D4+39.9c
938,5.44507936508,62.4370216766,301.172211839,D4+43.7c
939,5.45088435374,62.4833338011,301.978954152,D4+48.3c
940,5.4566893424,62.5345369657,302.873412436,D#4-46.5c
941,5.46249433107,62.5872987791,303.797870116,D#4-41.3c
942,5.46829931973,62.6382868497,304.69393037,D#4-36.2c
943,5.47410430839,62.6841687861,305.502514805,D#4-31.6c
944,5.47990929705,62.7216121967,306.163975647,D#4-27.8c
945,5.48571428571,62.7472846901,306.618323418,D#4-25.3c
946,5.49151927438,62.7506919134,306.678674583,D#4-24.9c
947,5.49732426304,62.7282328833,306.281083057,D#4-27.2c
948,5.5031292517,62.7010447184,305.80046143,D#4-29.9c
949,5.50893424036,62.671668643,305.282010431,D#4-32.8c
950,5.51473922902,62.6426458813,304.770658164,D#4-35.7c
951,5.52054421769,62.6165176573,304.311037469,D#4-38.4c
952,5.52634920635,62.6128109523,304.245889114,D#4-38.7c
953,5.53215419501,62.6143360138,304.272691621,D#4-38.6c
954,5.53795918367,62.6428446089,304.774156632,D#4-35.7c
955,5.54376417234,62.685887473,305.532845148,D#4-31.4c
956,5.549569161,62.7310153416,306.330312845,D#4-26.9c
957,5.55537414966,62.7657789503,306.946049703,D#4-23.4c
958,5.56117913832,62.6144312733,304.274365857,D#4-38.6c
959,5.56698412698,62.7352628072,306.405478134,D#4-26.5c
960,5.57278911565,62.7878437272,307.337505377,D#4-21.2c
961,5.57859410431,62.7787705869,307.176476559,D#4-22.1c
962,5.58439909297,62.7146399397,306.040698026,D#4-28.5c
963,5.59020408163,62.6020483388,304.056806459,D#4-39.8c
964,5.59600907029,62.4475923377,301.356159326,D4+44.8c
965,5.60181405896,62.2578684899,298.071663652,D4+25.8c
966,5.60761904762,62.0394733487,294.335108074,D4+3.9c
967,5.61342403628,61.7990034675,290.275031085,D4-20.1c
968,5.61922902494,61.5430553998,286.015131417,D4-45.7c
969,5.62503401361,61.2782256988,281.673205468,C#4+27.8c
970,5.63083900227,61.0111109181,277.360581613,C#4+1.1c
971,5.63664399093,60.748307611,273.18201211,C#4-25.2c
972,5.64244897959,60.496412331,269.235979465,C4+49.6c
973,5.64825396825,60.2620216314,265.615375182,C4+26.2c
974,5.65405895692,60.0517320656,262.408513892,C4+5.2c
975,5.65986394558,59.8721401871,259.700454585,C4-12.8c
976,5.66566893424,59.7298425492,257.574612449,C4-27.0c
977,5.6714739229,59.6314357053,256.114659535,C4-36.9c
978,5.67727891156,59.8722869003,259.702655422,C4-12.8c
979,5.68308390023,59.6837310882,256.889474681,C4-31.6c
980,5.68888888889,59.5402223882,254.768819871,C4-46.0c
981,5.69469387755,59.439790175,253.295135697,B3+44.0c
982,5.70049886621,59.3804638237,252.428623278,B3+38.0c
983,5.70630385488,59.3602727089,252.134391295,B3+36.0c
984,5.71210884354,59.3772462058,252.381712037,B3+37.7c
985,5.7179138322,59.429413689,253.143363848,B3+42.9c
986,5.72371882086,59.5148045336,254.395044564,C4-48.5c
987,5.72952380952,59.6314481143,256.114843111,C4-36.9c
988,5.73532879819,59.7773738062,258.28275858,C4-22.3c
989,5.74113378685,59.950610984,260.880257901,C4-4.9c
990,5.74693877551,60.1491890227,263.889864813,C4+14.9c
991,5.75274376417,60.3711372971,267.294774142,C4+37.1c
992,5.75854875283,60.6144851822,271.078486614,C#4-38.6c
993,5.7643537415,60.8772620527,275.224460488,C#4-12.3c
994,5.77015873016,61.1574972837,279.715777252,C#4+15.7c
995,5.77596371882,61.4532202499,284.534819575,C#4+45.3c
996,5.78176870748,61.7624603264,289.662960521,D4-23.8c
997,5.78757369615,62.0832468878,295.08026391,D4+8.3c
998,5.79337868481,-100.0,-100.0,null
999,5.79918367347,-100.0,-100.0,null
1000,5.80498866213,-100.0,-100.0,null
1001,5.81079365079,-100.0,-100.0,null
1002,5.81659863946,-100.0,-100.0,null
1003,5.82240362812,-100.0,-100.0,null
1004,5.82820861678,-100.0,-100.0,null
1005,5.83401360544,-100.0,-100.0,null
1006,5.8398185941,-100.0,-100.0,null
1007,5.84562358277,-100.0,-100.0,null
1008,5.85142857143,-100.0,-100.0,null
1009,5.85723356009,-100.0,-100.0,null
1010,5.86303854875,-100.0,-100.0,null
1011,5.86884353741,-100.0,-100.0,null
1012,5.87464852608,-100.0,-100.0,null
1013,5.88045351474,-100.0,-100.0,null
1014,5.8862585034,-100.0,-100.0,null
1015,5.89206349206,-100.0,-100.0,null
1016,5.89786848073,-100.0,-100.0,null
1017,5.90367346939,66.281726608,376.064660783,F#4+28.2c
1018,5.90947845805,66.2965098152,376.385923881,F#4+29.6c
1019,5.91528344671,66.3046986835,376.563999387,F#4+30.5c
1020,5.92108843537,66.3071726835,376.617815676,F#4+30.7c
1021,5.92689342404,66.3048112861,376.566448637,F#4+30.5c
1022,5.9326984127,66.2984939621,376.429063499,F#4+29.8c
1023,5.93850340136,66.2891001823,376.224866236,F#4+28.9c
1024,5.94430839002,66.2775094175,375.973064667,F#4+27.7c
1025,5.95011337868,66.2646011385,375.692839334,F#4+26.5c
1026,5.95591836735,66.251254816,375.403324143,F#4+25.1c
1027,5.96172335601,66.2383499209,375.12359678,F#4+23.8c
1028,5.96752834467,66.226765924,374.872678822,F#4+22.7c
1029,5.97333333333,66.2173822961,374.669545537,F#4+21.7c
1030,5.979138322,66.2110785079,374.533145291,F#4+21.1c
1031,5.98494331066,66.2087340302,374.48242857,F#4+20.9c
1032,5.99074829932,66.211228334,374.536386624,F#4+21.1c
1033,5.99655328798,66.2194408898,374.714099781,F#4+21.9c
1034,6.00235827664,66.2342511686,375.034795574,F#4+23.4c
1035,6.00816326531,66.2565386412,375.517916868,F#4+25.7c
1036,6.01396825397,66.2871827783,376.183200285,F#4+28.7c
1037,6.01977324263,66.3270630507,377.050765317,F#4+32.7c
1038,6.02557823129,66.3770589293,378.141214651,F#4+37.7c
1039,6.03138321995,66.2588658804,375.568399859,F#4+25.9c
1040,6.03718820862,66.2950326932,376.353811282,F#4+29.5c
1041,6.04299319728,66.3213788242,376.926987128,F#4+32.1c
1042,6.04879818594,66.338276956,377.29507551,F#4+33.8c
1043,6.0546031746,66.3460997712,377.465599917,F#4+34.6c
1044,6.06040816327,66.3452199524,377.446417479,F#4+34.5c
1045,6.06621315193,66.336010182,377.245677991,F#4+33.6c
1046,6.07201814059,66.3188431428,376.871783918,F#4+31.9c
1047,6.07782312925,66.2940915172,376.333351569,F#4+29.4c
1048,6.08362811791,66.2621279879,375.639173648,F#4+26.2c
1049,6.08943310658,66.2233252373,374.798183333,F#4+22.3c
1050,6.09523809524,66.1780559482,373.81942002,F#4+17.8c
1051,6.1010430839,66.1266928029,372.711996865,F#4+12.7c
1052,6.10684807256,66.0696084842,371.485070209,F#4+7.0c
1053,6.11265306122,66.0071756746,370.147810977,F#4+0.7c
1054,6.11845804989,65.9397670567,368.709378113,F#4-6.0c
1055,6.12426303855,65.867755313,367.178894084,F#4-13.2c
1056,6.13006802721,65.7915131261,365.565422501,F#4-20.9c
1057,6.13587301587,65.7114131786,363.87794785,F#4-28.9c
1058,6.14167800454,65.627828153,362.12535735,F#4-37.2c
1059,6.1474829932,65.5411307319,360.316424915,F#4-45.9c
1060,6.15328798186,65.451693598,358.459797201,F4+45.2c
1061,6.15909297052,65.3598894337,356.563981708,F4+36.0c
1062,6.16489795918,65.2660909216,354.637336888,F4+26.6c
1063,6.17070294785,65.1706707444,352.68806422,F4+17.1c
1064,6.17650793651,65.0740015846,350.724202193,F4+7.4c
1065,6.18231292517,64.9764561247,348.753622144,F4-2.4c
1066,6.18811791383,64.8784070473,346.784025878,F4-12.2c
1067,6.19392290249,64.780227035,344.822945025,F4-22.0c
1068,6.19972789116,64.6822887704,342.877742056,F4-31.8c
1069,6.20553287982,64.584964936,340.955612898,F4-41.5c
1070,6.21133786848,64.4886282145,339.063591086,E4+48.9c
1071,6.21714285714,64.3936512883,337.208553389,E4+39.4c
1072,6.2229478458,64.5169235015,339.618209686,F4-48.3c
1073,6.22875283447,64.6247255076,341.739572146,F4-37.5c
1074,6.23455782313,64.7282359398,343.788952543,F4-27.2c
1075,6.24036281179,64.8276398044,345.768595239,F4-17.2c
1076,6.24616780045,64.9231221078,347.680872341,F4-7.7c
1077,6.25197278912,65.0148678562,349.528277826,F4+1.5c
1078,6.25777777778,65.1030620559,351.313421759,F4+10.3c
1079,6.26358276644,65.1878897134,353.039024619,F4+18.8c
1080,6.2693877551,65.2695358349,354.707911772,F4+27.0c
1081,6.27519274376,65.3481854268,356.32300811,F4+34.8c
1082,6.28099773243,65.4240234953,357.887332882,F4+42.4c
1083,6.28680272109,65.4972350468,359.403994732,F4+49.7c
1084,6.29260770975,65.5680050877,360.876186979,F#4-43.2c
1085,6.29841269841,65.6365186241,362.307183139,F#4-36.4c
1086,6.30421768707,65.7029606626,363.700332728,F#4-29.7c
1087,6.31002267574,65.7675162093,365.059057343,F#4-23.3c
1088,6.3158276644,65.8303702706,366.386847056,F#4-17.0c
1089,6.32163265306,65.8917078528,367.68725712,F#4-10.8c
1090,6.32743764172,65.9517139623,368.963905013,F#4-4.8c
1091,6.33324263039,66.0105736053,370.220467823,F#4+1.1c
1092,6.33904761905,66.0684717883,371.460679993,F#4+6.8c
1093,6.34485260771,66.1255935174,372.68833144,F#4+12.6c
1094,6.35065759637,66.1821237991,373.907266048,F#4+18.2c
1095,6.35646258503,66.2382476396,375.121380555,F#4+23.8c
1096,6.3622675737,66.2941500453,376.334623847,F#4+29.4c
1097,6.36807256236,66.3500160225,377.550996653,F#4+35.0c
1098,6.37387755102,66.4060305776,378.774551669,F#4+40.6c
1099,6.37968253968,66.4623787167,380.009394111,F#4+46.2c
1100,6.38548752834,66.5192454464,381.25968271,G4-48.1c
1101,6.39129251701,66.5768157728,382.52963115,G4-42.3c
1102,6.39709750567,66.6352747023,383.823509979,G4-36.5c
1103,6.40290249433,66.6948072413,385.145648986,G4-30.5c
1104,6.40870748299,66.4953546284,380.733911875,F#4+49.5c
1105,6.41451247166,66.5074329672,380.999632027,G4-49.3c
1106,6.42031746032,66.4993341368,380.821439496,F#4+49.9c
1107,6.42612244898,66.4758066939,380.304255276,F#4+47.6c
1108,6.43192743764,66.441599195,379.553553004,F#4+44.2c
1109,6.4377324263,66.4014601968,378.674570072,F#4+40.1c
1110,6.44353741497,66.360138256,377.771808898,F#4+36.0c
1111,6.44934240363,66.3223819292,376.94882752,F#4+32.2c
1112,6.45514739229,66.2929397731,376.308315942,F#4+29.3c
1113,6.46095238095,66.2765603444,375.952454158,F#4+27.7c
1114,6.46675736961,66.2779921997,375.98354942,F#4+27.8c
1115,6.47256235828,66.3019838956,376.504954151,F#4+30.2c
1116,6.47836734694,66.3532839888,377.622271844,F#4+35.3c
1117,6.4841723356,66.436641036,379.444866521,F#4+43.7c
1118,6.48997732426,-100.0,-100.0,null
1119,6.49578231293,-100.0,-100.0,null
1120,6.50158730159,-100.0,-100.0,null
1121,6.50739229025,-100.0,-100.0,null
1122,6.51319727891,-100.0,-100.0,null
1123,6.51900226757,-100.0,-100.0,null
1124,6.52480725624,-100.0,-100.0,null
1125,6.5306122449,-100.0,-100.0,null
1126,6.53641723356,-100.0,-100.0,null
1127,6.54222222222,-100.0,-100.0,null
1128,6.54802721088,-100.0,-100.0,null
1129,6.55383219955,-100.0,-100.0,null
1130,6.55963718821,-100.0,-100.0,null
1131,6.56544217687,-100.0,-100.0,null
1132,6.57124716553,-100.0,-100.0,null
1133,6.5770521542,-100.0,-100.0,null
1134,6.58285714286,-100.0,-100.0,null
1135,6.58866213152,-100.0,-100.0,null
1136,6.59446712018,65.4369685721,358.155038542,F4+43.7c
1137,6.60027210884,65.30195834,355.372830237,F4+30.2c
1138,6.60607709751,65.1970563206,353.226002627,F4+19.7c
1139,6.61188208617,65.1187933793,351.632797222,F4+11.9c
1140,6.61768707483,65.0637003817,350.515576069,F4+6.4c
1141,6.62349206349,65.0283081933,349.799737476,F4+2.8c
1142,6.62929705215,65.0091476795,349.412809138,F4+0.9c
1143,6.63510204082,65.0027497058,349.283703492,F4+0.3c
1144,6.64090702948,65.0056451378,349.342124927,F4+0.6c
1145,6.64671201814,65.0143648409,349.518122325,F4+1.4c
1146,6.6525170068,65.0254396807,349.741783335,F4+2.5c
1147,6.65832199546,65.0354005225,349.943068943,F4+3.5c
1148,6.66412698413,65.0407782319,350.05178818,F4+4.1c
1149,6.66993197279,65.0381036745,349.997713383,F4+3.8c
1150,6.67573696145,65.0239077156,349.710836133,F4+2.4c
1151,6.68154195011,64.9947212207,349.121763003,F4-0.5c
1152,6.68734693878,64.9470750555,348.162248364,F4-5.3c
1153,6.69315192744,64.9786318926,348.797455308,F4-2.1c
1154,6.6989569161,64.9826543151,348.8785058,F4-1.7c
1155,6.70476190476,64.998367584,349.195303542,F4-0.2c
1156,6.71056689342,65.0249372648,349.731633737,F4+2.5c
1157,6.71637188209,65.0615289226,350.47161422,F4+6.2c
1158,6.72217687075,65.107308123,351.399596317,F4+10.7c
1159,6.72798185941,65.1614404313,352.500073832,F4+16.1c
1160,6.73378684807,65.2230914127,353.757599721,F4+22.3c
1161,6.73959183673,65.2914266328,355.156710156,F4+29.1c
1162,6.7453968254,65.3656116568,356.681855768,F4+36.6c
1163,6.75120181406,65.44481205,358.31733997,F4+44.5c
1164,6.75700680272,65.528193378,360.047264323,F#4-47.2c
1165,6.76281179138,65.6149212059,361.855481016,F#4-38.5c
1166,6.76861678005,65.7041610992,363.725552561,F#4-29.6c
1167,6.77442176871,65.7950786232,365.640718887,F#4-20.5c
1168,6.78022675737,65.8868393433,367.583872067,F#4-11.3c
1169,6.78603174603,65.9786088248,369.537538913,F#4-2.1c
1170,6.79183673469,66.069552633,371.483871766,F#4+7.0c
1171,6.79764172336,66.1588363335,373.40464776,F#4+15.9c
1172,6.80344671202,66.2456254914,375.281276888,F#4+24.6c
1173,6.80925170068,66.3290856721,377.094819181,F#4+32.9c
1174,6.81505668934,66.4083824411,378.826011295,F#4+40.8c
1175,6.820861678,66.4826813637,380.455302753,F#4+48.3c
1176,6.82666666667,66.5511480051,381.962902083,G4-44.9c
1177,6.83247165533,66.6129479309,383.328832998,G4-38.7c
1178,6.83827664399,66.6672467062,384.533000715,G4-33.3c
1179,6.84408163265,66.7132098966,385.555268412,G4-28.7c
1180,6.84988662132,66.7500030673,386.375543737,G4-25.0c
1181,6.85569160998,66.7767917837,386.973875145,G4-22.3c
1182,6.86149659864,66.6690059139,384.572077336,G4-33.1c
1183,6.8673015873,66.7650362719,386.711199408,G4-23.5c
1184,6.87310657596,66.8155764828,387.841781469,G4-18.4c
1185,6.87891156463,66.8245784135,388.043500739,G4-17.5c
1186,6.88471655329,66.795993931,387.403329027,G4-20.4c
1187,6.89052154195,66.7337749024,386.013534441,G4-26.6c
1188,6.89632653061,66.6418731946,383.969829835,G4-35.8c
1189,6.90213151927,66.5242406746,381.36970561,G4-47.6c
1190,6.90793650794,66.3848292095,378.31097348,F#4+38.5c
1191,6.9137414966,66.2275906662,374.890537799,F#4+22.8c
1192,6.91954648526,66.0564769118,371.203402141,F#4+5.6c
1193,6.92535147392,65.8754398133,367.341911478,F#4-12.5c
1194,6.93115646259,65.6884312376,363.395224365,F#4-31.2c
1195,6.93696145125,65.4994030518,359.44900531,F4+49.9c
1196,6.94276643991,65.3123071229,355.585324654,F4+31.2c
1197,6.94857142857,65.1310953179,351.882752008,F4+13.1c
1198,6.95437641723,64.9597195038,348.416629198,F4-4.0c
1199,6.9601814059,64.8021315476,345.25950985,F4-19.8c
1200,6.96598639456,64.6622833163,342.481754972,F4-33.8c
1201,6.97179138322,64.5441266769,340.152277046,F4-45.6c
1202,6.97759637188,64.4516134964,338.339429258,E4+45.2c
1203,6.98340136054,64.3886956419,337.11204147,E4+38.9c
1204,6.98920634921,64.3593249803,336.540610376,E4+35.9c
1205,6.99501133787,64.3817023964,336.975894011,E4+38.2c
1206,7.00081632653,64.4196228347,337.714804987,E4+42.0c
1207,7.00662131519,64.4641781076,338.585071745,E4+46.4c
1208,7.01242630385,64.5267676596,339.811378601,F4-47.3c
1209,7.01823129252,64.6187909355,341.622445836,F4-38.1c
1210,7.02403628118,64.7516473801,344.254172081,F4-24.8c
1211,7.02984126984,64.9367364381,347.95439422,F4-6.3c
1212,7.0356462585,65.1854575542,352.9894307,F4+18.5c
1213,7.04145124717,65.5092101731,359.652684219,F#4-49.1c
1214,7.04725623583,65.9193937395,368.275732827,F#4-8.1c
1215,7.05306122449,66.4274076982,379.242547921,F#4+42.7c
1216,7.05886621315,-100.0,-100.0,null
1217,7.06467120181,-100.0,-100.0,null
1218,7.07047619048,-100.0,-100.0,null
1219,7.07628117914,-100.0,-100.0,null
1220,7.0820861678,-100.0,-100.0,null
1221,7.08789115646,-100.0,-100.0,null
1222,7.09369614512,-100.0,-100.0,null
1223,7.09950113379,-100.0,-100.0,null
1224,7.10530612245,-100.0,-100.0,null
1225,7.11111111111,-100.0,-100.0,null
1226,7.11691609977,-100.0,-100.0,null
1227,7.12272108844,-100.0,-100.0,null
1228,7.1285260771,-100.0,-100.0,null
1229,7.13433106576,-100.0,-100.0,null
1230,7.14013605442,-100.0,-100.0,null
1231,7.14594104308,-100.0,-100.0,null
1232,7.15174603175,-100.0,-100.0,null
1233,7.15755102041,-100.0,-100.0,null
1234,7.16335600907,-100.0,-100.0,null
1235,7.16916099773,-100.0,-100.0,null
1236,7.17496598639,-100.0,-100.0,null
1237,7.18077097506,-100.0,-100.0,null
1238,7.18657596372,-100.0,-100.0,null
1239,7.19238095238,-100.0,-100.0,null
1240,7.19818594104,-100.0,-100.0,null
1241,7.20399092971,-100.0,-100.0,null
1242,7.20979591837,-100.0,-100.0,null
1243,7.21560090703,-100.0,-100.0,null
1244,7.22140589569,-100.0,-100.0,null
1245,7.22721088435,-100.0,-100.0,null
1246,7.23301587302,63.3333893039,317.176517985,D#4+33.3c
1247,7.23882086168,63.4132004727,318.642100794,D#4+41.3c
1248,7.24462585034,63.4977517458,320.202114716,D#4+49.8c
1249,7.250430839,63.5863008621,321.844079278,E4-41.4c
1250,7.25623582766,63.6781055604,323.555302458,E4-32.2c
1251,7.26204081633,63.7724235797,325.322849449,E4-22.8c
1252,7.26784580499,63.8685126589,327.133516542,E4-13.2c
1253,7.27365079365,63.9656305368,328.973810297,E4-3.4c
1254,7.27945578231,64.0630349524,330.829932191,E4+6.3c
1255,7.28526077098,64.1599836446,332.687768954,E4+16.0c
1256,7.29106575964,64.2557343522,334.532888836,E4+25.6c
1257,7.2968707483,64.3495448142,336.350544017,E4+35.0c
1258,7.30267573696,64.4406727694,338.125679424,E4+44.1c
1259,7.30848072562,64.5283759568,339.842948168,F4-47.2c
1260,7.31428571429,64.6119121153,341.486733821,F4-38.8c
1261,7.32009070295,64.6905389836,343.041179728,F4-30.9c
1262,7.32589569161,64.7635143008,344.490225515,F4-23.7c
1263,7.33170068027,64.8300958058,345.817650904,F4-17.0c
1264,7.33750566893,64.8895412373,347.007126917,F4-11.0c
1265,7.3433106576,64.9411083345,348.042274461,F4-5.9c
1266,7.34911564626,64.984054836,348.906730256,F4-1.6c
1267,7.35492063492,65.0176384808,349.584219954,F4+1.8c
1268,7.36072562358,65.0411170079,350.058638224,F4+4.1c
1269,7.36653061224,65.1185710323,351.628281137,F4+11.9c
1270,7.37233560091,65.0582691027,350.405628526,F4+5.8c
1271,7.37814058957,65.0009807735,349.248016366,F4+0.1c
1272,7.38394557823,64.9466452691,348.153605192,F4-5.3c
1273,7.38975056689,64.895201814,347.120605601,F4-10.5c
1274,7.39555555556,64.8465896327,346.147275569,F4-15.3c
1275,7.40136054422,64.8007479494,345.231917895,F4-19.9c
1276,7.40716553288,64.7576159888,344.372877734,F4-24.2c
1277,7.41297052154,64.7171329752,343.56854024,F4-28.3c
1278,7.4187755102,64.679238133,342.8173283,F4-32.1c
1279,7.42458049887,64.6438706867,342.117700355,F4-35.6c
1280,7.43038548753,64.6109698608,341.468148312,F4-38.9c
1281,7.43619047619,64.5804748796,340.867195538,F4-42.0c
1282,7.44199546485,64.5523249676,340.313394928,F4-44.8c
1283,7.44780045351,64.5264593492,339.805327055,F4-47.4c
1284,7.45360544218,64.5028172489,339.341598386,F4-49.7c
1285,7.45941043084,64.4813378912,338.920839572,E4+48.1c
1286,7.4652154195,64.4619605003,338.541703801,E4+46.2c
1287,7.47102040816,64.4446243009,338.202865218,E4+44.5c
1288,7.47682539683,64.4292685172,337.903017402,E4+42.9c
1289,7.48263038549,64.4158323739,337.640871908,E4+41.6c
1290,7.48843537415,64.4042550952,337.415156861,E4+40.4c
1291,7.49424036281,64.3944759056,337.22461561,E4+39.4c
1292,7.50004535147,64.3864340296,337.068005429,E4+38.6c
1293,7.50585034014,64.3800686916,336.944096278,E4+38.0c
1294,7.5116553288,64.375319116,336.85166961,E4+37.5c
1295,7.51746031746,64.3721245273,336.789517225,E4+37.2c
1296,7.52326530612,64.3704241499,336.756440174,E4+37.0c
1297,7.52907029478,64.3701572082,336.751247714,E4+37.0c
1298,7.53487528345,64.3712629267,336.772756301,E4+37.1c
1299,7.54068027211,64.3736805299,336.819788632,E4+37.4c
1300,7.54648526077,64.377349242,336.891172729,E4+37.7c
1301,7.55229024943,64.3822082877,336.985741071,E4+38.2c
1302,7.5580952381,64.3881968913,337.102329761,E4+38.8c
1303,7.56390022676,64.3952542772,337.239777741,E4+39.5c
1304,7.56970521542,64.40331967,337.396926044,E4+40.3c
1305,7.57551020408,64.4123322939,337.572617094,E4+41.2c
1306,7.58131519274,64.4222313736,337.765694036,E4+42.2c
1307,7.58712018141,64.4329561333,337.97500012,E4+43.3c
1308,7.59292517007,64.4444457976,338.199378109,E4+44.4c
1309,7.59873015873,64.4566395908,338.437669747,E4+45.7c
1310,7.60453514739,64.4694767375,338.688715246,E4+46.9c
1311,7.61034013605,64.482896462,338.95135283,E4+48.3c
1312,7.61614512472,64.4968379888,339.224418311,E4+49.7c
1313,7.62195011338,64.5112405423,339.506744706,F4-48.9c
1314,7.62775510204,64.526043347,339.797161892,F4-47.4c
1315,7.6335600907,64.5411856272,340.09449631,F4-45.9c
1316,7.63936507937,64.5566066075,340.3975707,F4-44.3c
1317,7.64517006803,64.5722455123,340.705203879,F4-42.8c
1318,7.65097505669,64.5880415659,341.016210565,F4-41.2c
1319,7.65678004535,64.6039339929,341.329401236,F4-39.6c
1320,7.66258503401,64.6198620177,341.643582032,F4-38.0c
1321,7.66839002268,64.6357648646,341.957554701,F4-36.4c
1322,7.67419501134,64.6515817583,342.270116585,F4-34.8c
1323,7.68,64.667251923,342.580060649,F4-33.3c
1324,7.68580498866,64.6827145832,342.88617555,F4-31.7c
1325,7.69160997732,64.6979089633,343.187245752,F4-30.2c
1326,7.69741496599,64.7127742879,343.482051684,F4-28.7c
1327,7.70321995465,64.7272497813,343.769369936,F4-27.3c
1328,7.70902494331,64.7827717174,344.873633109,F4-21.7c
1329,7.71482993197,64.8413014267,346.041558001,F4-15.9c
1330,7.72063492063,64.8454449311,346.124388875,F4-15.5c
1331,7.7264399093,64.8081317423,345.379192299,F4-19.2c
1332,7.73224489796,64.7422913721,344.068179052,F4-25.8c
1333,7.73804988662,64.6608533323,342.45346745,F4-33.9c
1334,7.74385487528,64.5767471347,340.793806896,F4-42.3c
1335,7.74965986395,64.502902291,339.343265312,F4-49.7c
1336,7.75546485261,64.4522483132,338.35183587,E4+45.2c
1337,7.76126984127,64.5518082,340.303236839,F4-44.8c
1338,7.76707482993,64.3483937556,336.328181568,E4+34.8c
1339,7.77287981859,64.3513612318,336.385835901,E4+35.1c
1340,7.77868480726,64.5183277949,339.645758992,F4-48.2c
1341,7.78448979592,64.8069106111,345.354831732,F4-19.3c
1342,7.79029478458,65.1747268463,352.770705058,F4+17.5c
1343,7.79609977324,65.5793936669,361.11366031,F#4-42.1c
1344,7.8019047619,65.978528239,369.535818788,F#4-2.2c
1345,7.80770975057,66.3297477288,377.109240276,F#4+33.0c
1346,7.81351473923,66.5906693023,382.835858168,G4-40.9c
1347,7.81931972789,66.7189101258,385.682236529,G4-28.1c
1348,7.82512471655,66.6720873655,384.640534036,G4-32.8c
1349,7.83092970522,66.5734446636,382.455151121,G4-42.7c
1350,7.83673469388,66.4963397548,380.755577445,F#4+49.6c
1351,7.84253968254,66.4291240732,379.280148539,F#4+42.9c
1352,7.8483446712,66.371082032,378.01068804,F#4+37.1c
1353,7.85414965986,66.3214980442,376.929582814,F#4+32.1c
1354,7.85995464853,66.2796565231,376.019696371,F#4+28.0c
1355,7.86575963719,66.2448418819,375.264290894,F#4+24.5c
1356,7.87156462585,66.2163385336,374.646957361,F#4+21.6c
1357,7.87736961451,66.1934308916,374.151553351,F#4+19.3c
1358,7.88317460317,66.1754033688,373.762148173,F#4+17.5c
1359,7.88897959184,66.1615403785,373.462975047,F#4+16.2c
1360,7.8947845805,66.1511263339,373.23839013,F#4+15.1c
1361,7.90058956916,66.1434456481,373.072838222,F#4+14.3c
1362,7.90639455782,66.1676084032,373.593897828,F#4+16.8c
1363,7.91219954649,66.1517549541,373.25194286,F#4+15.2c
1364,7.91800453515,66.1533437127,373.286197871,F#4+15.3c
1365,7.92380952381,66.1695311298,373.63539186,F#4+17.0c
1366,7.92961451247,66.1974736566,374.23893515,F#4+19.7c
1367,7.93541950113,66.234327744,375.036454419,F#4+23.4c
1368,7.9412244898,66.2772498431,375.967427517,F#4+27.7c
1369,7.94702947846,66.3233964048,376.970916769,F#4+32.3c
1370,7.95283446712,66.3699238802,377.985400928,F#4+37.0c
1371,7.95863945578,66.4139887203,378.948706913,F#4+41.4c
1372,7.96444444444,66.4527473761,379.798043022,F#4+45.3c
1373,7.97024943311,66.4833562986,380.470135386,F#4+48.3c
1374,7.97605442177,66.5029719388,380.901469031,G4-49.7c
1375,7.98185941043,66.5087507478,381.028634057,G4-49.1c
1376,7.98766439909,66.4978491764,380.788776062,F#4+49.8c
1377,7.99346938776,66.4360521353,379.431959455,F#4+43.6c
1378,7.99927437642,66.4790087487,380.374602073,F#4+47.9c
1379,8.00507936508,66.5056467811,380.960324738,G4-49.4c
1380,8.01088435374,66.5169558439,381.20926345,G4-48.3c
1381,8.0166893424,66.5139255486,381.142543669,G4-48.6c
1382,8.02249433107,66.4975455064,380.78209683,F#4+49.8c
1383,8.02829931973,66.4688053287,380.150485737,F#4+46.9c
1384,8.03410430839,66.4286946269,379.270740311,F#4+42.9c
1385,8.03990929705,66.3782030123,378.166204873,F#4+37.8c
1386,8.04571428571,66.3183200964,376.86039791,F#4+31.8c
1387,8.05151927438,66.2500354904,375.376885038,F#4+25.0c
1388,8.05732426304,66.1743388057,373.739165656,F#4+17.4c
1389,8.0631292517,66.0922196536,371.970573574,F#4+9.2c
1390,8.06893424036,66.0046676456,370.094191757,F#4+0.5c
1391,8.07473922902,65.912672393,368.132781135,F#4-8.7c
1392,8.08054421769,65.8172235071,366.108723323,F#4-18.3c
1393,8.08634920635,65.7193105994,364.043976979,F#4-28.1c
1394,8.09215419501,65.619923281,361.960047457,F#4-38.0c
1395,8.09795918367,65.5200511635,359.877969319,F#4-48.0c
1396,8.10376417234,65.4206838582,357.818301283,F4+42.1c
1397,8.109569161,65.3228109764,355.801133108,F4+32.3c
1398,8.11537414966,65.2274221295,353.846103965,F4+22.7c
1399,8.12117913832,65.1355069288,351.972431829,F4+13.5c
1400,8.12698412698,65.0480549858,350.198953498,F4+4.8c
1401,8.13278911565,64.9660559117,348.54417486,F4-3.4c
1402,8.13859410431,64.8904993179,347.026331136,F4-11.0c
1403,8.14439909297,64.8223748158,345.663456888,F4-17.8c
1404,8.15020408163,64.7626720167,344.473465703,F4-23.7c
1405,8.15600907029,64.7123805321,343.47423954,F4-28.8c
1406,8.16181405896,64.6724899732,342.683727918,F4-32.8c
1407,8.16761904762,64.6439899514,342.120057212,F4-35.6c
1408,8.17342403628,64.6133664127,341.515421112,F4-38.7c
1409,8.17922902494,64.6685364067,342.605479213,F4-33.1c
1410,8.18503401361,64.7282839861,343.789906649,F4-27.2c
1411,8.19083900227,64.7930539483,345.078523001,F4-20.7c
1412,8.19664399093,64.8632910906,346.481369833,F4-13.7c
1413,8.20244897959,64.9394402105,348.008740595,F4-6.1c
1414,8.20825396825,65.0219461052,349.671213672,F4+2.2c
1415,8.21405895692,65.1112535722,351.479688736,F4+11.1c
1416,8.21986394558,65.2078074087,353.445426643,F4+20.8c
1417,8.22566893424,65.3120524121,355.580093081,F4+31.2c
1418,8.2314739229,65.4244333797,357.89580627,F4+42.4c
1419,8.23727891156,65.545395109,360.405189017,F#4-45.5c
1420,8.24308390023,65.6753823973,363.121425474,F#4-32.5c
1421,8.24888888889,65.8148400419,366.058323012,F#4-18.5c
1422,8.25469387755,65.9642128402,369.230379666,F#4-3.6c
1423,8.26049886621,66.1239455895,372.652857653,F#4+12.4c
1424,8.26630385488,66.2944830871,376.34186356,F#4+29.4c
1425,8.27210884354,66.4762701305,380.314435835,F#4+47.6c
1426,8.2779138322,66.669751517,384.588640337,G4-33.0c
1427,8.28371882086,66.8753720439,389.183674755,G4-12.5c
1428,8.28952380952,67.0935765086,394.119982839,G4+9.4c
1429,8.29532879819,67.3248097084,399.41937948,G4+32.5c
1430,8.30113378685,-100.0,-100.0,null
1431,8.30693877551,-100.0,-100.0,null
1432,8.31274376417,-100.0,-100.0,null
1433,8.31854875283,-100.0,-100.0,null
1434,8.3243537415,-100.0,-100.0,null
1435,8.33015873016,-100.0,-100.0,null
1436,8.33596371882,-100.0,-100.0,null
1437,8.34176870748,-100.0,-100.0,null
1438,8.34757369615,-100.0,-100.0,null
1439,8.35337868481,-100.0,-100.0,null
1440,8.35918367347,-100.0,-100.0,null
1441,8.36498866213,-100.0,-100.0,null
1442,8.37079365079,-100.0,-100.0,null
1443,8.37659863946,-100.0,-100.0,null
1444,8.38240362812,-100.0,-100.0,null
1445,8.38820861678,-100.0,-100.0,null
1446,8.39401360544,-100.0,-100.0,null
1447,8.3998185941,-100.0,-100.0,null
1448,8.40562358277,-100.0,-100.0,null
1449,8.41142857143,-100.0,-100.0,null
1450,8.41723356009,-100.0,-100.0,null
1451,8.42303854875,-100.0,-100.0,null
1452,8.42884353741,-100.0,-100.0,null
1453,8.43464852608,-100.0,-100.0,null
1454,8.44045351474,-100.0,-100.0,null
1455,8.4462585034,-100.0,-100.0,null
1456,8.45206349206,-100.0,-100.0,null
1457,8.45786848073,-100.0,-100.0,null
1458,8.46367346939,-100.0,-100.0,null
1459,8.46947845805,-100.0,-100.0,null
1460,8.47528344671,-100.0,-100.0,null
1461,8.48108843537,-100.0,-100.0,null
1462,8.48689342404,-100.0,-100.0,null
1463,8.4926984127,63.0060423745,311.2355926,D#4+0.6c
1464,8.49850340136,63.0227546959,311.53618631,D#4+2.3c
1465,8.50430839002,63.0429531248,311.899869875,D#4+4.3c
1466,8.51011337868,63.0664663937,312.32377374,D#4+6.6c
1467,8.51591836735,63.0931232351,312.805047678,D#4+9.3c
1468,8.52172335601,63.1227523817,313.340855191,D#4+12.3c
1469,8.52752834467,63.155182566,313.928368202,D#4+15.5c
1470,8.53333333333,63.1902425206,314.564762025,D#4+19.0c
1471,8.539138322,63.2277609781,315.247210608,D#4+22.8c
1472,8.54494331066,63.267566671,315.972882047,D#4+26.8c
1473,8.55074829932,63.3094883319,316.738934369,D#4+30.9c
1474,8.55655328798,63.3533546934,317.542511573,D#4+35.3c
1475,8.56235827664,63.398994488,318.38073994,D#4+39.9c
1476,8.56816326531,63.4462364484,319.250724611,D#4+44.6c
1477,8.57396825397,63.4949093071,320.149546424,D#4+49.5c
1478,8.57977324263,63.5448417966,321.074259023,E4-45.5c
1479,8.58557823129,63.5958626496,322.021886242,E4-40.4c
1480,8.59138321995,63.6478005986,322.989419753,E4-35.2c
1481,8.59718820862,63.7004843761,323.973817009,E4-30.0c
1482,8.60299319728,63.7537427149,324.971999458,E4-24.6c
1483,8.60879818594,63.8074043473,325.980851053,E4-19.3c
1484,8.6146031746,63.861298006,326.99721706,E4-13.9c
1485,8.62040816327,63.9152524236,328.017903164,E4-8.5c
1486,8.62621315193,63.9690963327,329.039674887,E4-3.1c
1487,8.63201814059,64.0226584657,330.059257322,E4+2.3c
1488,8.63782312925,64.0757675554,331.073335187,E4+7.6c
1489,8.64362811791,64.1282523342,332.078553215,E4+12.8c
1490,8.64943310658,64.1799415347,333.07151687,E4+18.0c
1491,8.65523809524,64.2306638895,334.048793423,E4+23.1c
1492,8.6610430839,64.2802481312,335.006913361,E4+28.0c
1493,8.66684807256,64.3285229923,335.942372163,E4+32.8c
1494,8.67265306122,64.3753172054,336.851632436,E4+37.5c
1495,8.67845804989,64.4204595031,337.731126416,E4+42.0c
1496,8.68426303855,64.463778618,338.577258843,E4+46.4c
1497,8.69006802721,64.5051032826,339.386410209,F4-49.5c
1498,8.69587301587,64.5442622295,340.154940389,F4-45.6c
1499,8.70167800454,64.5810841913,340.879192646,F4-41.9c
1500,8.7074829932,64.6153979005,341.555498022,F4-38.5c
1501,8.71328798186,64.6470320897,342.180180103,F4-35.3c
1502,8.71909297052,64.6758154915,342.749560176,F4-32.4c
1503,8.72489795918,64.4526976961,338.360618709,E4+45.3c
1504,8.73070294785,64.5791333059,340.840781966,F4-42.1c
1505,8.73650793651,64.6702272795,342.638942659,F4-33.0c
1506,8.74231292517,64.7282007653,343.788254047,F4-27.2c
1507,8.74811791383,64.7552749116,344.326312743,F4-24.5c
1508,8.75392290249,64.7536708669,344.294411267,F4-24.6c
1509,8.75972789116,64.7256097795,343.736806132,F4-27.4c
1510,8.76553287982,64.6733127977,342.700015449,F4-32.7c
1511,8.77133786848,64.59900107,341.232157782,F4-40.1c
1512,8.77714285714,64.5048957445,339.382341714,F4-49.5c
1513,8.7829478458,64.3932179699,337.200113349,E4+39.3c
1514,8.78875283447,64.2661888943,334.734966906,E4+26.6c
1515,8.79455782313,64.1260296661,332.035921601,E4+12.6c
1516,8.80036281179,63.9749614338,329.151166334,E4-2.5c
1517,8.80616780045,63.8152053456,326.12777221,E4-18.5c
1518,8.81197278912,63.64898255,323.011471702,E4-35.1c
1519,8.81777777778,63.4785141953,319.846502303,D#4+47.8c
1520,8.82358276644,63.3060214298,316.67551181,D#4+30.6c
1521,8.8293877551,63.1337254019,313.539521884,D#4+13.4c
1522,8.83519274376,62.96384726,310.477946313,D#4-3.6c
1523,8.84099773243,62.7986081525,307.52866037,D#4-20.1c
1524,8.84680272109,62.6402292277,304.728117774,D#4-36.0c
1525,8.85260770975,62.4909316339,302.111512147,D4+49.1c
1526,8.85841269841,62.3529365195,299.712980303,D4+35.3c
1527,8.86421768707,62.2284650329,297.565845341,D4+22.8c
1528,8.87002267574,62.1197383225,295.702898303,D4+12.0c
1529,8.8758276644,62.0289775366,294.156717999,D4+2.9c
1530,8.88163265306,61.9584038236,292.960029674,D4-4.2c
1531,8.88743764172,61.9102383317,292.146104297,D4-9.0c
1532,8.89324263039,61.8867022095,291.749201602,D4-11.3c
1533,8.89904761905,61.8900166052,291.80506146,D4-11.0c
1534,8.90485260771,61.8566520108,291.243232057,D4-14.3c
1535,8.91065759637,61.9426084792,292.692862203,D4-5.7c
1536,8.91646258503,62.0271784819,294.126151565,D4+2.7c
1537,8.9222675737,62.1103600584,295.542756531,D4+11.0c
1538,8.92807256236,62.1921512481,296.942335359,D4+19.2c
1539,8.93387755102,62.2725500906,298.324548307,D4+27.3c
1540,8.93968253968,62.3515546253,299.689057765,D4+35.2c
1541,8.94548752834,62.4291628917,301.035528384,D4+42.9c
1542,8.95129251701,62.5053729292,302.363627206,D#4-49.5c
1543,8.95709750567,62.5801827774,303.673023799,D#4-42.0c
1544,8.96290249433,62.6535904757,304.963390383,D#4-34.6c
1545,8.96870748299,62.7255940636,306.234401965,D#4-27.4c
1546,8.97451247166,62.7961915805,307.485736464,D#4-20.4c
1547,8.98031746032,62.8653810661,308.717074849,D#4-13.5c
1548,8.98612244898,62.9331605597,309.928101261,D#4-6.7c
1549,8.99192743764,62.9995281008,311.118503148,D#4-0.1c
1550,8.9977324263,63.0644817288,312.28797139,D#4+6.4c
1551,9.00353741497,63.1280194834,313.436200431,D#4+12.8c
1552,9.00934240363,63.1901394039,314.562888403,D#4+19.0c
1553,9.01514739229,63.2508395299,315.667737259,D#4+25.1c
1554,9.02095238095,63.3101179007,316.750452892,D#4+31.0c
1555,9.02675736961,63.367972556,317.810745266,D#4+36.8c
1556,9.03256235828,63.4244015351,318.848328537,D#4+42.4c
1557,9.03836734694,63.4794028775,319.862921181,D#4+47.9c
1558,9.0441723356,63.5329746228,320.854246113,E4-46.7c
1559,9.04997732426,63.5851148104,321.822030807,E4-41.5c
1560,9.05578231293,63.6358214798,322.766007423,E4-36.4c
1561,9.06158730159,63.6850926704,323.685912918,E4-31.5c
1562,9.06739229025,63.7329264218,324.581489169,E4-26.7c
1563,9.07319727891,63.7793207733,325.452483089,E4-22.1c
1564,9.07900226757,63.8242737646,326.298646737,E4-17.6c
1565,9.08480725624,63.8677834351,327.119737439,E4-13.2c
1566,9.0906122449,63.9098478242,327.915517891,E4-9.0c
1567,9.09641723356,63.9504649714,328.685756277,E4-5.0c
1568,9.10222222222,63.9896329162,329.430226372,E4-1.0c
1569,9.10802721088,64.0273496982,330.148707648,E4+2.7c
1570,9.11383219955,64.0636133567,330.840985384,E4+6.4c
1571,9.11963718821,64.0984219312,331.506850761,E4+9.8c
1572,9.12544217687,64.1317734613,332.146100969,E4+13.2c
1573,9.13124716553,64.1636659864,332.758539303,E4+16.4c
1574,9.1370521542,64.1940975459,333.343975256,E4+19.4c
1575,9.14285714286,64.2230661795,333.90222462,E4+22.3c
1576,9.14866213152,64.2505699264,334.43310957,E4+25.1c
1577,9.15446712018,64.2766068263,334.936458761,E4+27.7c
1578,9.16027210884,64.3011749186,335.412107408,E4+30.1c
1579,9.16607709751,64.3242722427,335.859897376,E4+32.4c
1580,9.17188208617,64.3458968382,336.279677259,E4+34.6c
1581,9.17768707483,64.1977123322,333.413584158,E4+19.8c
1582,9.18349206349,64.2953733468,335.299725641,E4+29.5c
1583,9.18929705215,64.3619317027,336.591287176,E4+36.2c
1584,9.19510204082,64.3994463688,337.321448454,E4+39.9c
1585,9.20090702948,64.4099763137,337.526681057,E4+41.0c
1586,9.20671201814,64.3955805061,337.246132653,E4+39.6c
1587,9.2125170068,64.3583179149,336.521034251,E4+35.8c
1588,9.21832199546,64.3002475087,335.394140099,E4+30.0c
1589,9.22412698413,64.2234282563,333.90920805,E4+22.3c
1590,9.22993197279,64.1299191264,332.110526511,E4+13.0c
1591,9.23573696145,64.0217790877,330.042492432,E4+2.2c
1592,9.24154195011,63.9010671091,327.749243281,E4-9.9c
1593,9.24734693878,63.7698421591,325.274344598,E4-23.0c
1594,9.25315192744,63.6301632066,322.660533537,E4-37.0c
1595,9.2589569161,63.4840892203,319.949517802,D#4+48.4c
1596,9.26476190476,63.3336791689,317.181828597,D#4+33.4c
1597,9.27056689342,63.1809920212,314.396725596,D#4+18.1c
1598,9.27637188209,63.0280867458,311.632151516,D#4+2.8c
1599,9.28217687075,62.8770223116,308.924733648,D#4-12.3c
1600,9.28798185941,62.7298576873,306.309829608,D#4-27.0c
1601,9.29378684807,62.5886518415,303.821614654,D#4-41.1c
1602,9.29959183673,62.4554637431,301.493208145,D4+45.5c
1603,9.3053968254,62.3323523607,299.356837042,D4+33.2c
1604,9.31120181406,62.2213766632,297.444034833,D4+22.1c
1605,9.31700680272,62.1245956192,295.785874848,D4+12.5c
1606,9.32281179138,62.0440681975,294.413237591,D4+4.4c
1607,9.32861678005,61.9818533667,293.357112525,D4-1.8c
1608,9.33442176871,61.9400100958,292.648935663,D4-6.0c
1609,9.34022675737,61.9205973533,292.320965309,D4-7.9c
1610,9.34603174603,61.925674108,292.406699497,D4-7.4c
1611,9.35183673469,61.9572993286,292.941339969,D4-4.3c
1612,9.35764172336,62.017531984,293.962309074,D4+1.8c
1613,9.36344671202,61.9571027982,292.938014505,D4-4.3c
1614,9.36925170068,62.001153514,293.68433533,D4+0.1c
1615,9.37505668934,62.0463350209,294.451789659,D4+4.6c
1616,9.380861678,62.0926171029,295.240017812,D4+9.3c
1617,9.38666666667,62.139969544,296.048659046,D4+14.0c
1618,9.39247165533,62.188362128,296.877351247,D4+18.8c
1619,9.39827664399,62.237764639,297.725730626,D4+23.8c
1620,9.40408163265,62.2881468608,298.593431417,D4+28.8c
1621,9.40988662132,62.3394785774,299.480085589,D4+33.9c
1622,9.41569160998,62.3917295729,300.385322547,D4+39.2c
1623,9.42149659864,62.444869631,301.308768858,D4+44.5c
1624,9.4273015873,62.4988685359,302.250047962,D4+49.9c
1625,9.43310657596,62.5536960713,303.208779903,D#4-44.6c
1626,9.43891156463,62.6093220213,304.184581057,D#4-39.1c
1627,9.44471655329,62.6657161699,305.177063869,D#4-33.4c
1628,9.45052154195,62.7228483009,306.185836589,D#4-27.7c
1629,9.45632653061,62.7806881983,307.210503022,D#4-21.9c
1630,9.46213151927,62.8392056461,308.250662276,D#4-16.1c
1631,9.46793650794,62.8983704282,309.305908515,D#4-10.2c
1632,9.4737414966,62.9581523286,310.375830725,D#4-4.2c
1633,9.47954648526,63.0185211312,311.460012475,D#4+1.8c
1634,9.48535147392,63.0794466199,312.558031692,D#4+7.9c
1635,9.49115646259,63.1408985788,313.669460435,D#4+14.1c
1636,9.49696145125,63.2028467917,314.793864682,D#4+20.3c
1637,9.50276643991,63.2652610426,315.930804113,D#4+26.5c
1638,9.50857142857,63.3281111155,317.079831911,D#4+32.8c
1639,9.51437641723,63.3913667943,318.240494555,D#4+39.1c
1640,9.5201814059,63.454997863,319.412331636,D#4+45.5c
1641,9.52598639456,63.5189741054,320.594875663,E4-48.1c
1642,9.53179138322,63.5832653056,321.787651886,E4-41.7c
1643,9.53759637188,63.6478412476,322.990178126,E4-35.2c
1644,9.54340136054,63.7126717151,324.201964603,E4-28.7c
1645,9.54920634921,63.7777264923,325.422513782,E4-22.2c
1646,9.55501133787,63.842975363,326.651320221,E4-15.7c
1647,9.56081632653,63.9083881112,327.887870425,E4-9.2c
1648,9.56662131519,63.9739345209,329.131642714,E4-2.6c
1649,9.57242630385,64.0395843759,330.382107093,E4+4.0c
1650,9.57823129252,64.1053074603,331.638725134,E4+10.5c
1651,9.58403628118,64.171073558,332.900949864,E4+17.1c
1652,9.58984126984,64.2368524529,334.168225668,E4+23.7c
1653,9.5956462585,64.3026139291,335.439988191,E4+30.3c
1654,9.60145124717,64.1664968623,332.812955697,E4+16.6c
1655,9.60725623583,64.2821289359,335.043310335,E4+28.2c
1656,9.61306122449,64.353147761,336.420550682,E4+35.3c
1657,9.61886621315,64.383274861,337.006502625,E4+38.3c
1658,9.62467120181,64.3762317593,336.869427667,E4+37.6c
1659,9.63047619048,64.3357399791,336.082445487,E4+33.6c
1660,9.63628117914,64.2655210437,334.722054231,E4+26.5c
1661,9.6420861678,64.1692964765,332.866779917,E4+16.9c
1662,9.64789115646,64.0507878008,330.595978177,E4+5.1c
1663,9.65369614512,63.9137165399,327.988803978,E4-8.6c
1664,9.65950113379,63.7618042172,325.123358113,E4-23.8c
1665,9.66530612245,63.5987723559,322.076013404,E4-40.1c
1666,9.67111111111,63.4283424795,318.920918755,D#4+42.8c
1667,9.67691609977,63.2542361111,315.729675522,D#4+25.4c
1668,9.68272108844,63.0801747742,312.571178109,D#4+8.0c
1669,9.6885260771,62.9098799921,309.511609167,D#4-9.0c
1670,9.69433106576,62.747073288,306.614579305,D#4-25.3c
1671,9.70013605442,62.5954761853,303.941401569,D#4-40.5c
1672,9.70594104308,62.4588102074,301.551492222,D4+45.9c
1673,9.71174603175,62.3407968775,299.502891266,D4+34.1c
1674,9.71755102041,62.245157719,297.852898885,D4+24.5c
1675,9.72335600907,62.1756142552,296.658827259,D4+17.6c
1676,9.72916099773,62.1358880094,295.978871231,D4+13.6c
1677,9.73496598639,62.1297005049,295.873106019,D4+13.0c
1678,9.74077097506,62.1607732651,296.404625689,D4+16.1c
1679,9.74657596372,62.2328278133,297.640842596,D4+23.3c
1680,9.75238095238,62.2056766359,297.174414292,D4+20.6c
1681,9.75818594104,62.2543705297,298.011444324,D4+25.4c
1682,9.76399092971,62.2984732978,298.771589076,D4+29.8c
1683,9.76979591837,62.3385897424,299.464710339,D4+33.9c
1684,9.77560090703,62.3753246653,300.100816853,D4+37.5c
1685,9.78140589569,62.4092828684,300.690043121,D4+40.9c
1686,9.78721088435,62.4410691539,301.242631561,D4+44.1c
1687,9.79301587302,62.4712883235,301.768918105,D4+47.1c
1688,9.79882086168,62.5005451793,302.279321307,D#4-49.9c
1689,9.80462585034,62.5294445233,302.784335018,D#4-47.1c
1690,9.810430839,62.5585911574,303.294524688,D#4-44.1c
1691,9.81623582766,62.5885898835,303.820527328,D#4-41.1c
1692,9.82204081633,62.6200455036,304.373055192,D#4-38.0c
1693,9.82784580499,62.6535628197,304.962903213,D#4-34.6c
1694,9.83365079365,62.6897466337,305.600960247,D#4-31.0c
1695,9.83945578231,62.7292017476,306.29822419,D#4-27.1c
1696,9.84526077098,62.7725329634,307.065821036,D#4-22.7c
1697,9.85106575964,62.820345083,307.91502797,D#4-18.0c
1698,9.8568707483,62.8732429083,308.85730061,D#4-12.7c
1699,9.86267573696,62.9318312414,309.904304521,D#4-6.8c
1700,9.86848072562,62.9967148842,311.067951195,D#4-0.3c
1701,9.87428571429,63.0684986386,312.360438665,D#4+6.8c
1702,9.88009070295,62.8716371414,308.82865458,D#4-12.8c
1703,9.88589569161,62.8241522733,307.982749606,D#4-17.6c
1704,9.89170068027,62.7816954654,307.228377672,D#4-21.8c
1705,9.89750566893,62.7440135133,306.560393181,D#4-25.6c
1706,9.9033106576,62.7108532127,305.973765088,D#4-28.9c
1707,9.90911564626,62.6819613592,305.463563891,D#4-31.8c
1708,9.91492063492,62.6570847482,305.024949521,D#4-34.3c
1709,9.92072562358,62.6359701754,304.653160067,D#4-36.4c
1710,9.92653061224,62.6183644364,304.343501319,D#4-38.2c
1711,9.93233560091,62.6040143267,304.091337086,D#4-39.6c
1712,9.93814058957,62.592666642,303.892080263,D#4-40.7c
1713,9.94394557823,62.5840681778,303.741184641,D#4-41.6c
1714,9.94975056689,62.5779657296,303.634137406,D#4-42.2c
1715,9.95555555556,62.5741060932,303.566452348,D#4-42.6c
1716,9.96136054422,62.5722360639,303.533663744,D#4-42.8c
1717,9.96716553288,62.5721024375,303.531320909,D#4-42.8c
1718,9.97297052154,62.5734520095,303.554983414,D#4-42.7c
1719,9.9787755102,62.5760315755,303.600216955,D#4-42.4c
1720,9.98458049887,62.5795879311,303.662589875,D#4-42.0c
1721,9.99038548753,62.5838678719,303.737670338,D#4-41.6c
1722,9.99619047619,62.5886181933,303.821024149,D#4-41.1c
1723,10.0019954649,62.5935856911,303.908213215,D#4-40.6c
1724,10.0078004535,62.5985171608,303.994794669,D#4-40.2c
1725,10.0136054422,62.6031593979,304.076320628,D#4-39.7c
1726,10.0194104308,62.6072591981,304.148338607,D#4-39.3c
1727,10.0252154195,62.610563357,304.206392591,D#4-38.9c
1728,10.0310204082,62.61281867,304.246024744,D#4-38.7c
1729,10.0368253968,62.6137719329,304.262777789,D#4-38.6c
1730,10.0426303855,62.6131699411,304.252198024,D#4-38.7c
1731,10.0484353741,62.6107594903,304.209838996,D#4-38.9c
1732,10.0542403628,62.606287376,304.131265827,D#4-39.4c
1733,10.0600453515,62.5995003939,304.01206017,D#4-40.1c
1734,10.0658503401,62.5901453394,303.847825814,D#4-41.0c
1735,10.0716553288,62.5779690082,303.634194908,D#4-42.2c
1736,10.0774603175,62.5627181959,303.366834808,D#4-43.7c
1737,10.0832653061,-100.0,-100.0,null
1738,10.0890702948,-100.0,-100.0,null
1739,10.0948752834,-100.0,-100.0,null
1740,10.1006802721,-100.0,-100.0,null
1741,10.1064852608,-100.0,-100.0,null
1742,10.1122902494,-100.0,-100.0,null
1743,10.1180952381,-100.0,-100.0,null
1744,10.1239002268,-100.0,-100.0,null
1745,10.1297052154,-100.0,-100.0,null
1746,10.1355102041,-100.0,-100.0,null
1747,10.1413151927,-100.0,-100.0,null
1748,10.1471201814,-100.0,-100.0,null
1749,10.1529251701,-100.0,-100.0,null
1750,10.1587301587,-100.0,-100.0,null
1751,10.1645351474,-100.0,-100.0,null
1752,10.1703401361,-100.0,-100.0,null
1753,10.1761451247,-100.0,-100.0,null
1754,10.1819501134,-100.0,-100.0,null
1755,10.187755102,-100.0,-100.0,null
1756,10.1935600907,-100.0,-100.0,null
1757,10.1993650794,-100.0,-100.0,null
1758,10.205170068,-100.0,-100.0,null
1759,10.2109750567,-100.0,-100.0,null
1760,10.2167800454,-100.0,-100.0,null
1761,10.222585034,-100.0,-100.0,null
1762,10.2283900227,-100.0,-100.0,null
1763,10.2341950113,-100.0,-100.0,null
1764,10.24,-100.0,-100.0,null
1765,10.2458049887,-100.0,-100.0,null
1766,10.2516099773,-100.0,-100.0,null
1767,10.257414966,-100.0,-100.0,null
1768,10.2632199546,-100.0,-100.0,null
1769,10.2690249433,-100.0,-100.0,null
1770,10.274829932,-100.0,-100.0,null
1771,10.2806349206,-100.0,-100.0,null
1772,10.2864399093,-100.0,-100.0,null
1773,10.292244898,-100.0,-100.0,null
1774,10.2980498866,-100.0,-100.0,null
1775,10.3038548753,-100.0,-100.0,null
1776,10.3096598639,-100.0,-100.0,null
1777,10.3154648526,-100.0,-100.0,null
1778,10.3212698413,-100.0,-100.0,null
1779,10.3270748299,-100.0,-100.0,null
1780,10.3328798186,-100.0,-100.0,null
1781,10.3386848073,-100.0,-100.0,null
1782,10.3444897959,-100.0,-100.0,null
1783,10.3502947846,-100.0,-100.0,null
1784,10.3560997732,-100.0,-100.0,null
1785,10.3619047619,-100.0,-100.0,null
1786,10.3677097506,-100.0,-100.0,null
1787,10.3735147392,-100.0,-100.0,null
1788,10.3793197279,-100.0,-100.0,null
1789,10.3851247166,-100.0,-100.0,null
1790,10.3909297052,-100.0,-100.0,null
1791,10.3967346939,-100.0,-100.0,null
1792,10.4025396825,-100.0,-100.0,null
1793,10.4083446712,-100.0,-100.0,null
1794,10.4141496599,-100.0,-100.0,null
1795,10.4199546485,-100.0,-100.0,null
1796,10.4257596372,-100.0,-100.0,null
1797,10.4315646259,-100.0,-100.0,null
1798,10.4373696145,-100.0,-100.0,null
1799,10.4431746032,-100.0,-100.0,null
1800,10.4489795918,-100.0,-100.0,null
1801,10.4547845805,-100.0,-100.0,null
1802,10.4605895692,-100.0,-100.0,null
1803,10.4663945578,-100.0,-100.0,null
1804,10.4721995465,-100.0,-100.0,null
1805,10.4780045351,-100.0,-100.0,null
1806,10.4838095238,-100.0,-100.0,null
1807,10.4896145125,-100.0,-100.0,null
1808,10.4954195011,-100.0,-100.0,null
1809,10.5012244898,-100.0,-100.0,null
1810,10.5070294785,-100.0,-100.0,null
1811,10.5128344671,-100.0,-100.0,null
1812,10.5186394558,-100.0,-100.0,null
1813,10.5244444444,-100.0,-100.0,null
1814,10.5302494331,-100.0,-100.0,null
1815,10.5360544218,-100.0,-100.0,null
1816,10.5418594104,-100.0,-100.0,null
1817,10.5476643991,-100.0,-100.0,null
1818,10.5534693878,-100.0,-100.0,null
1819,10.5592743764,-100.0,-100.0,null
1820,10.5650793651,-100.0,-100.0,null
1821,10.5708843537,-100.0,-100.0,null
1822,10.5766893424,-100.0,-100.0,null
1823,10.5824943311,-100.0,-100.0,null
1824,10.5882993197,-100.0,-100.0,null
1825,10.5941043084,-100.0,-100.0,null
1826,10.5999092971,-100.0,-100.0,null
1827,10.6057142857,-100.0,-100.0,null
1828,10.6115192744,-100.0,-100.0,null
1829,10.617324263,-100.0,-100.0,null
1830,10.6231292517,-100.0,-100.0,null
